name_en,name_th,avg_d_mbps,total_tests,n_tiles,rank,province_en,province_th
PhayaThai,พญาไท,263.7902149090909,2750.0,25.0,1,BangkokMetropolis,กรุงเทพมหานคร
PhraNakhon,พระนคร,216.5617458015267,1310.0,15.0,2,BangkokMetropolis,กรุงเทพมหานคร
BangRak,บางรัก,210.2868359754125,3091.0,13.0,3,BangkokMetropolis,กรุงเทพมหานคร
PathumWan,ปทุมวัน,208.77917980207465,8387.0,25.0,4,BangkokMetropolis,กรุงเทพมหานคร
Dusit,ดุสิต,208.13665838509317,2415.0,33.0,5,BangkokMetropolis,กรุงเทพมหานคร
Samphantawong,สัมพันธวงศ์,199.06527594339624,848.0,6.0,6,BangkokMetropolis,กรุงเทพมหานคร
Wattana,วัฒนา,196.9287077450585,4958.0,38.0,7,BangkokMetropolis,กรุงเทพมหานคร
PomPramSattru,ป้อมปราบศัตรูพ่าย,193.59997204301075,465.0,6.0,8,BangkokMetropolis,กรุงเทพมหานคร
HuaiKwang,ห้วยขวาง,185.0542539339103,5084.0,42.0,9,BangkokMetropolis,กรุงเทพมหานคร
Sathorn,สาทร,182.70378597968786,4037.0,21.0,10,BangkokMetropolis,กรุงเทพมหานคร
KhlongToey,คลองเตย,176.4723233953665,5266.0,40.0,11,BangkokMetropolis,กรุงเทพมหานคร
KhanNaYao,คันนายาว,176.38625683549978,2231.0,69.0,12,BangkokMetropolis,กรุงเทพมหานคร
BangkokYai,บางกอกใหญ่,175.12507723577235,984.0,19.0,13,BangkokMetropolis,กรุงเทพมหานคร
Chatuchak,จตุจักร,174.7076935322136,7978.0,93.0,14,BangkokMetropolis,กรุงเทพมหานคร
LatPhrao,ลาดพร้าว,174.49066870095902,2294.0,61.0,15,BangkokMetropolis,กรุงเทพมหานคร
Yannawa,ยานนาวา,174.354375,2648.0,41.0,16,BangkokMetropolis,กรุงเทพมหานคร
DinDang,ดินแดง,172.82588246326978,3199.0,26.0,17,BangkokMetropolis,กรุงเทพมหานคร
BangKhoLaem,บางคอแหลม,170.16986199898528,1971.0,23.0,18,BangkokMetropolis,กรุงเทพมหานคร
DonMuang,ดอนเมือง,167.3515573286052,3384.0,90.0,19,BangkokMetropolis,กรุงเทพมหานคร
BangKapi,บางกะป,165.38731452070334,7052.0,75.0,20,BangkokMetropolis,กรุงเทพมหานคร
BangNa,บางนา,163.6709420800806,3971.0,61.0,21,BangkokMetropolis,กรุงเทพมหานคร
TalingChan,ตลิ่งชัน,163.14529141104293,1304.0,90.0,22,BangkokMetropolis,กรุงเทพมหานคร
BangkokNoi,บางกอกน้อย,162.68332293080056,2211.0,33.0,23,BangkokMetropolis,กรุงเทพมหานคร
ThonBuri,ธนบุร,161.98907485714287,1750.0,23.0,24,BangkokMetropolis,กรุงเทพมหานคร
Prawet,ประเวศ,160.95873986844896,4713.0,161.0,25,BangkokMetropolis,กรุงเทพมหานคร
KhlongSan,คลองสาน,160.46386869207004,1942.0,16.0,26,BangkokMetropolis,กรุงเทพมหานคร
BangSu,บางซื่อ,160.3524750462107,2164.0,31.0,27,BangkokMetropolis,กรุงเทพมหานคร
BangPlad,บางพลัด,159.36681044386424,1915.0,28.0,28,BangkokMetropolis,กรุงเทพมหานคร
BungKum,บึงกุ่ม,159.29553717232486,2327.0,68.0,29,BangkokMetropolis,กรุงเทพมหานคร
WangThonglang,วังทองหลาง,157.501857805255,4529.0,50.0,30,BangkokMetropolis,กรุงเทพมหานคร
Prakanong,พระโขนง,154.5141222048882,1923.0,32.0,31,BangkokMetropolis,กรุงเทพมหานคร
SuanLuang,สวนหลวง,152.32586601014623,3351.0,71.0,32,BangkokMetropolis,กรุงเทพมหานคร
PhasiCharoen,ภาษีเจริญ,145.80443536324788,1872.0,58.0,33,BangkokMetropolis,กรุงเทพมหานคร
BangKhen,บางเขน,145.73961495673672,3236.0,115.0,34,BangkokMetropolis,กรุงเทพมหานคร
Bangkhuntien,บางขุนเทียน,142.51922100591716,3380.0,202.0,35,BangkokMetropolis,กรุงเทพมหานคร
RatBurana,ราษฎร์บูรณะ,142.36081547924144,1951.0,40.0,36,BangkokMetropolis,กรุงเทพมหานคร
Ratchathewi,ราชเทวี,139.85073394941634,4112.0,18.0,37,BangkokMetropolis,กรุงเทพมหานคร
BangKhae,บางแค,139.79552544333075,2594.0,127.0,38,BangkokMetropolis,กรุงเทพมหานคร
ChomThong,จอมทอง,139.67627859879585,1827.0,65.0,39,BangkokMetropolis,กรุงเทพมหานคร
BangBon,บางบอน,139.33694479297367,1594.0,92.0,40,BangkokMetropolis,กรุงเทพมหานคร
SaphanSung,สะพานสูง,138.2065840108401,1476.0,80.0,41,BangkokMetropolis,กรุงเทพมหานคร
ThawiWattana,ทวีวัฒนา),137.53900559701492,1072.0,113.0,42,BangkokMetropolis,กรุงเทพมหานคร
Thungkru,ทุ่งครุ,135.28870997876857,2355.0,79.0,43,BangkokMetropolis,กรุงเทพมหานคร
LakSi,หลักส,135.12530892448513,2622.0,55.0,44,BangkokMetropolis,กรุงเทพมหานคร
KhlongSamWa,คลองสามวา,133.99181838949173,1751.0,190.0,45,BangkokMetropolis,กรุงเทพมหานคร
LatKrabang,ลาดกระบัง,133.66815710674703,5143.0,261.0,46,BangkokMetropolis,กรุงเทพมหานคร
Nongkheam,หนองแขม,132.37600338000968,2071.0,93.0,47,BangkokMetropolis,กรุงเทพมหานคร
MinBuri,มีนบุรี,126.96038522954092,2004.0,141.0,48,BangkokMetropolis,กรุงเทพมหานคร
SaiMai,สายไหม,124.80926121842496,3365.0,116.0,49,BangkokMetropolis,กรุงเทพมหานคร
NongChok,หนองจอก,83.92713515381956,2893.0,254.0,50,BangkokMetropolis,กรุงเทพมหานคร
PakThongChai,ปักธงชัย,632.9143257142857,2100.0,140.0,1,NakhonRatchasima,นครราชสีมา
MuangNakhonRatchasima,เมืองนครราชสีมา,374.9435887316059,25008.0,748.0,2,NakhonRatchasima,นครราชสีมา
PakChong,ปากช่อง,280.5336254527892,4141.0,751.0,3,NakhonRatchasima,นครราชสีมา
ChokChai,โชคชัย,267.5067441314554,852.0,99.0,4,NakhonRatchasima,นครราชสีมา
NonSung,โนนสูง,218.55166832917703,802.0,125.0,5,NakhonRatchasima,นครราชสีมา
K.MuangYang,กิ่งเมืองยาง,187.97875324675326,77.0,16.0,6,NakhonRatchasima,นครราชสีมา
BuaYai,บัวใหญ่,173.57609863945578,294.0,63.0,7,NakhonRatchasima,นครราชสีมา
KhamThalaSo,ขามทะเลสอ,162.52824137931034,116.0,34.0,8,NakhonRatchasima,นครราชสีมา
ChumPhuang,ชุมพวง,137.176237704918,122.0,39.0,9,NakhonRatchasima,นครราชสีมา
KhonBuri,ครบุรี,130.59161995249406,421.0,100.0,10,NakhonRatchasima,นครราชสีมา
Phimai,พิมาย,127.70615538847117,399.0,113.0,11,NakhonRatchasima,นครราชสีมา
Chalermphrakiet,ชุมพวง,123.36232450331126,151.0,44.0,12,NakhonRatchasima,นครราชสีมา
SungNoen,สูงเนิน,123.12040082644627,484.0,128.0,13,NakhonRatchasima,นครราชสีมา
NonDaeng,โนนแดง,122.86873333333334,105.0,31.0,14,NakhonRatchasima,นครราชสีมา
K.PhraThongKham,กิ่งพระทองคำ,122.040925,80.0,33.0,15,NakhonRatchasima,นครราชสีมา
Khong,คง,118.9975278810409,269.0,64.0,16,NakhonRatchasima,นครราชสีมา
K.BuaLai,กิ่งบัวลาย,112.38492,25.0,21.0,17,NakhonRatchasima,นครราชสีมา
K.Sida,กิ่งสีดา,111.60284,75.0,29.0,18,NakhonRatchasima,นครราชสีมา
PraThai,ประทาย,105.7406447368421,152.0,31.0,19,NakhonRatchasima,นครราชสีมา
SoengSang,เสิงสาง,104.50932972972973,185.0,67.0,20,NakhonRatchasima,นครราชสีมา
KhamSakaeSaeng,ขามสะแกแสง,103.94952671755725,131.0,41.0,21,NakhonRatchasima,นครราชสีมา
NongBunnak,หนองบุญนาก,103.85780434782608,138.0,53.0,22,NakhonRatchasima,นครราชสีมา
DanKhunThot,ด่านขุนทด,102.13231920903955,354.0,113.0,23,NakhonRatchasima,นครราชสีมา
BanLuam,บ้านเหลื่อม,101.93271428571428,21.0,8.0,24,NakhonRatchasima,นครราชสีมา
K.ThePhaRak,กิ่งเทพารักษ์,92.03758064516128,31.0,15.0,25,NakhonRatchasima,นครราชสีมา
WangNumKhiaw,วังน้ำเขียว,84.94335294117647,306.0,132.0,26,NakhonRatchasima,นครราชสีมา
Chakkarat,จักราช,79.77236231884058,138.0,55.0,27,NakhonRatchasima,นครราชสีมา
KaengSanamNang,แก้งสนามนาง,78.1647880794702,151.0,29.0,28,NakhonRatchasima,นครราชสีมา
HuaiThalang,ห้วยแถลง,76.27372277227722,101.0,45.0,29,NakhonRatchasima,นครราชสีมา
K.LamThaMenChai,กิ่งลำทะเมนชัย,72.82237681159421,69.0,32.0,30,NakhonRatchasima,นครราชสีมา
Sikhiu,สีคิ้ว,72.07356586021506,744.0,181.0,31,NakhonRatchasima,นครราชสีมา
NonThai,โนนไทย,70.52442790697675,215.0,56.0,32,NakhonRatchasima,นครราชสีมา
MuangKhonKaen,เมืองขอนแก่น,462.0612647743486,13317.0,561.0,1,KhonKaen,ขอนแก่น
Phon,พล,439.29215759849905,533.0,69.0,2,KhonKaen,ขอนแก่น
BanPhai,บ้านไผ่,191.715822122571,669.0,104.0,3,KhonKaen,ขอนแก่น
K.SamSung,กิ่งซำสูง,152.8690588235294,34.0,10.0,4,KhonKaen,ขอนแก่น
WaengYai,แวงใหญ่,137.55620833333333,48.0,13.0,5,KhonKaen,ขอนแก่น
SiChomphu,สีชมพู,121.84145930232559,172.0,38.0,6,KhonKaen,ขอนแก่น
NamPhong,น้ำพอง,117.28607246376811,345.0,92.0,7,KhonKaen,ขอนแก่น
Chonnabot,ชนบท,117.11864516129032,62.0,20.0,8,KhonKaen,ขอนแก่น
ChumPhae,ชุมแพ,113.68551396648044,716.0,104.0,9,KhonKaen,ขอนแก่น
KhaoSuanKwang,เขาสวนกวาง,104.27254716981132,53.0,16.0,10,KhonKaen,ขอนแก่น
ManchaKhiri,มัญจาคีรี,103.21497159090909,176.0,38.0,11,KhonKaen,ขอนแก่น
K.NongNaKham,กิ่งหนองนาคำ,98.47906451612903,31.0,14.0,12,KhonKaen,ขอนแก่น
NongSongHong,หนองสองห้อง,93.91021678321678,143.0,44.0,13,KhonKaen,ขอนแก่น
UbolRatana,อุบลรัตน์,92.1447159090909,176.0,43.0,14,KhonKaen,ขอนแก่น
K.NonSila,กิ่งโนนศิลา,85.71973170731707,41.0,19.0,15,KhonKaen,ขอนแก่น
BanFang,บ้านฝาง,85.18987931034482,116.0,43.0,16,KhonKaen,ขอนแก่น
PuaiNoi,เปือยน้อย,83.93793333333333,15.0,8.0,17,KhonKaen,ขอนแก่น
WiangKao,ภูเวียง,80.81386363636364,22.0,15.0,18,KhonKaen,ขอนแก่น
NongRua,หนองเรือ,80.70203571428571,168.0,59.0,19,KhonKaen,ขอนแก่น
K.BanHaet,กิ่งบ้านแฮด,78.558875,56.0,27.0,20,KhonKaen,ขอนแก่น
Kranuan,กระนวน,75.9198282504013,623.0,55.0,21,KhonKaen,ขอนแก่น
K.KhokPhoCha,กิ่งโคกโพธิ์ชัย,74.73466666666667,24.0,12.0,22,KhonKaen,ขอนแก่น
PhupaMan,ภูผาม่าน,69.81419767441861,86.0,38.0,23,KhonKaen,ขอนแก่น
PhuWiang,ภูเวียง,66.72320588235294,68.0,26.0,24,KhonKaen,ขอนแก่น
PhraYun,พระยืน,62.733300970873785,103.0,36.0,25,KhonKaen,ขอนแก่น
WaengNoi,แวงน้อย,51.942674418604646,43.0,20.0,26,KhonKaen,ขอนแก่น
Samoeng,สะเมิง,215.22311637931034,232.0,43.0,1,ChiangMai,เชียงใหม่
MuangChiangMai,เมืองเชียงใหม่,145.50089296249473,7119.0,315.0,2,ChiangMai,เชียงใหม่
K.MaeOn,กิ่งแม่ออน,136.30031451612902,124.0,39.0,3,ChiangMai,เชียงใหม่
SanPaTong,สันป่าตอง,112.51049714285715,350.0,93.0,4,ChiangMai,เชียงใหม่
MaeRim,แม่ริม,110.38862160413971,1546.0,239.0,5,ChiangMai,เชียงใหม่
K.DoiLo,กิ่งดอยหล่อ,107.83544444444443,72.0,29.0,6,ChiangMai,เชียงใหม่
MaeChaem,แม่แจ่ม,107.09963186813187,182.0,62.0,7,ChiangMai,เชียงใหม่
HangDong,หางดง,102.76793638676844,786.0,186.0,8,ChiangMai,เชียงใหม่
Saraphi,สารภี,100.65703476821191,604.0,155.0,9,ChiangMai,เชียงใหม่
SanSai,สันทราย,100.26165379113019,1398.0,264.0,10,ChiangMai,เชียงใหม่
SanKamphaeng,สันกำแพง,88.48917718120805,745.0,153.0,11,ChiangMai,เชียงใหม่
ChiangDao,เชียงดาว,81.6746061452514,358.0,128.0,12,ChiangMai,เชียงใหม่
Fang,ฝาง,81.2461086474501,451.0,156.0,13,ChiangMai,เชียงใหม่
WiangHaeng,เวียงแหง,80.89014285714285,98.0,27.0,14,ChiangMai,เชียงใหม่
DoiSaket,ดอยสะเก็ด,80.10073720136519,586.0,190.0,15,ChiangMai,เชียงใหม่
ChaiPrakarn,ไชยปราการ,79.56529464285714,112.0,36.0,16,ChiangMai,เชียงใหม่
ChomThong,จอมทอง,78.88478504672896,321.0,102.0,17,ChiangMai,เชียงใหม่
Phrao,พร้าว,66.8675925925926,108.0,57.0,18,ChiangMai,เชียงใหม่
MaeTaeng,แม่แตง,65.78835897435897,429.0,136.0,19,ChiangMai,เชียงใหม่
MaeWang,แม่วาง,60.88045384615385,130.0,51.0,20,ChiangMai,เชียงใหม่
Hot,ฮอด,55.926345454545455,165.0,54.0,21,ChiangMai,เชียงใหม่
MaeAi,แม่อาย,48.283699228791775,389.0,76.0,22,ChiangMai,เชียงใหม่
DoiTao,ดอยเต่า,46.59792727272727,55.0,23.0,23,ChiangMai,เชียงใหม่
Omkoi,อมก๋อย,31.29228125,64.0,30.0,24,ChiangMai,เชียงใหม่
Kathu,กะทู้,192.4660972012103,2644.0,102.0,1,Phuket,ภูเก็ต
MuangPhuket,เมืองภูเก็ต,177.87450346342288,5919.0,324.0,2,Phuket,ภูเก็ต
Thalang,ถลาง,160.86553806695466,3704.0,318.0,3,Phuket,ภูเก็ต
BangLamung,บางละมุง,153.10730902177673,14465.0,650.0,1,ChonBuri,ชลบุรี
MuangChonBuri,เมืองชลบุรี,149.95452864512626,7366.0,513.0,2,ChonBuri,ชลบุรี
SiRacha,ศรีราชา,139.60618277927875,8513.0,821.0,3,ChonBuri,ชลบุรี
KoSichang,เกาะสีชัง,129.85179310344827,29.0,6.0,4,ChonBuri,ชลบุรี
PhanThong,พานทอง,118.61990356798457,2074.0,226.0,5,ChonBuri,ชลบุรี
Sattahip,สัตหีบ,113.20216536827195,2824.0,340.0,6,ChonBuri,ชลบุรี
BanBung,บ้านบึง,102.48568414918415,1716.0,324.0,7,ChonBuri,ชลบุรี
PhanatNikhom,พนัสนิคม,86.27020752427184,824.0,226.0,8,ChonBuri,ชลบุรี
NongYai,หนองใหญ่,84.45195505617978,267.0,87.0,9,ChonBuri,ชลบุรี
BoThong,บ่อทอง,71.42685652173913,230.0,85.0,10,ChonBuri,ชลบุรี
K.KoChan,กิ่งเกาะจันทร์,69.68670621468927,177.0,57.0,11,ChonBuri,ชลบุรี
KhlongHoiKong,คลองหอยโข่ง,179.4071626712329,584.0,54.0,1,Songkhla,สงขลา
MuangSongkhla,เมืองสงขลา,139.0294349258649,2428.0,171.0,2,Songkhla,สงขลา
HatYai,หาดใหญ่,120.68473323804574,7696.0,468.0,3,Songkhla,สงขลา
SabaYoi,สะบ้าย้อย,115.65286390532545,338.0,78.0,4,Songkhla,สงขลา
Rattaphum,รัตภูมิ,111.63062795275592,508.0,113.0,5,Songkhla,สงขลา
NaThawi,นาทวี,109.0577190226876,573.0,103.0,6,Songkhla,สงขลา
Sadao,สะเดา,81.94254841040461,1384.0,187.0,7,Songkhla,สงขลา
Chana,จะนะ,78.74027253218884,466.0,114.0,8,Songkhla,สงขลา
BangKlam,บางกล่ำ,75.17810215053764,186.0,66.0,9,Songkhla,สงขลา
SathingPhra,สทิงพระ,72.20552,75.0,30.0,10,Songkhla,สงขลา
SinghaNakhon,สิงหนคร,70.6008109589041,365.0,67.0,11,Songkhla,สงขลา
NaMom,นาหม่อม,70.10325991189427,227.0,42.0,12,Songkhla,สงขลา
KrasaeSinthu,กระแสสินธุ์,65.527,5.0,4.0,13,Songkhla,สงขลา
SongkhlaLake,NA,58.932,6.0,3.0,14,Songkhla,สงขลา
Thepha,เทพา,56.50141262135922,206.0,87.0,15,Songkhla,สงขลา
Ranot,ระโนด,54.88597297297297,148.0,47.0,16,Songkhla,สงขลา
KhuanNiang,ควนเนียง,51.255971962616826,107.0,42.0,17,Songkhla,สงขลา
BanChang,บ้านฉาง,156.42744976076554,836.0,160.0,1,Rayong,ระยอง
MuangRayong,เมืองระยอง,146.96764816456817,5639.0,663.0,2,Rayong,ระยอง
K.KhaoChamao,กิ่งเขาชะเมา,134.23805263157897,76.0,47.0,3,Rayong,ระยอง
PluakDaeng,ปลวกแดง,128.59707847724374,4702.0,488.0,4,Rayong,ระยอง
K.NikhomPattan,กิ่งนิคมพัฒนา,103.58925510204081,980.0,239.0,5,Rayong,ระยอง
BanKhai,บ้านค่าย,95.72057320441989,724.0,170.0,6,Rayong,ระยอง
WangChan,วังจันทร์,93.05659670781893,243.0,65.0,7,Rayong,ระยอง
Klaeng,แกลง,84.13727485380116,855.0,238.0,8,Rayong,ระยอง
