network_type,type,hour_local,is_weekend,n_tests,n_ips,med_mbps,p25_mbps,p10_mbps,mean_mbps,med_rtt,mean_rtt,mean_loss
broadband,download,0,False,1993673,653621,44.15696683401956,13.401268094548968,2.91802133270568,84.79821381176741,36.7667999149834,53.724829820438266,0.0489723087622501
broadband,download,1,False,1317800,443815,47.938285698321465,15.63773120161846,3.546899173646989,88.8495487393487,36.799357259974855,52.19992265157717,0.04784709539940218
broadband,download,2,False,945315,271103,52.17409351484952,18.32564381103506,4.3768492962904775,94.64988648057307,36.13481514217616,50.70555692721221,0.04703692451653561
broadband,download,3,False,729028,297272,54.21025126418914,19.839274220385796,4.985368986448665,97.22223241871241,35.73888925754923,49.79834139464431,0.04590590555511039
broadband,download,4,False,704180,262068,52.638574387267944,19.731623073061165,5.147886729807981,95.62217095001142,36.40056073877052,50.27172504609411,0.04582409530036753
broadband,download,5,False,930698,348412,49.57214535040985,18.401768750894558,4.747450353970357,90.74606502590099,37.80743015458608,51.63064282037159,0.04785002000556858
broadband,download,6,False,1458051,469703,49.3505362562526,17.41155757783469,4.276901403167134,87.10721990609026,38.91425205481572,54.73372428916893,0.05114131877399302
broadband,download,7,False,1869030,512263,42.27699957401558,12.835316240605355,2.8857045223705904,79.39592454721597,39.15661059586055,55.11493495424562,0.05183423781089343
broadband,download,8,False,2706042,825077,37.840402137983794,10.203032400842227,2.114891150527954,73.39002881907962,42.67019600381857,59.24199260577415,0.05653262361095773
broadband,download,9,False,3357781,973653,36.805375343097694,9.677047792634893,1.940561552994858,72.01633427452089,44.12065484452147,61.28553316935454,0.058323007755896536
broadband,download,10,False,3803180,972889,36.30268654590061,9.428143442687777,1.8358652486691112,72.06791639308301,44.86774228378222,62.128780184320426,0.061225137733274766
broadband,download,11,False,3854541,1121102,35.55929278007293,9.034682352110142,1.6925606967136209,71.5313994689293,45.7318522999186,63.25276629301876,0.06405244598736447
broadband,download,12,False,3643494,1169560,32.469171205163974,7.801532737189221,1.4302054127118358,68.23243415250398,47.22714162550763,65.47444114821084,0.0680738651299149
broadband,download,13,False,4065776,885569,32.72685827419891,7.954122538493447,1.4634685331550528,68.60967904311471,47.09405835386641,65.05506951047268,0.0677816643995971
broadband,download,14,False,4106884,943268,34.40273952824938,8.692597842337138,1.6702156170164617,70.86961741546719,45.092045005974484,62.659222737389584,0.06511715133690328
broadband,download,15,False,3973074,993708,35.35034254424575,9.082800591225869,1.7886775340569785,72.41757903121335,44.0251891314615,61.69077220533128,0.06375533873312941
broadband,download,16,False,3872360,1048892,34.486899515748,8.652252762022083,1.6708517735378587,71.53920974307337,43.80100215196527,61.509690780916884,0.06519540111464042
broadband,download,17,False,3861154,1268180,32.06724047870577,7.704444636891632,1.47898672435514,68.67628934233855,44.372376576298365,62.54294396141511,0.06606561344066827
broadband,download,18,False,4321313,1228090,27.036743196978787,5.728127244265626,1.0734140007722799,62.88150974274147,49.242881879454515,68.20245293885017,0.07434663950902218
broadband,download,19,False,5199086,1622925,22.75162249470955,4.522673192919228,0.8498150292626726,57.61709707388058,53.41496023935688,74.10724752908575,0.08398918278309636
broadband,download,20,False,6623251,1622075,20.31055883830072,3.998498622914273,0.7687887708076664,54.691906335912904,56.82982402767042,78.58038619149984,0.0914093500608666
broadband,download,21,False,6434142,1257372,23.476991380122293,4.939728934573152,0.988881407473891,59.08627569430822,53.39833090374442,74.99720172248753,0.08205692861316338
broadband,download,22,False,4698037,1478132,31.759808083759257,7.727501401622375,1.5161804052968975,69.49688705950463,44.907539827189964,64.22652964448827,0.06432828231020901
broadband,download,23,False,3138742,797571,38.86315659804891,10.581223937617999,2.215599662573852,78.15096761073973,39.39573525231987,57.219607762285726,0.054009987590066935
broadband,download,0,True,837894,355131,40.50018431101145,11.672869851233617,2.555882815819397,80.40198842882103,37.363902901933635,53.69739964419208,0.04992510325902701
broadband,download,1,True,556824,247131,44.8268356414811,13.894761599807236,3.0863750065332085,85.65182157426852,36.440534687772946,52.17409495850714,0.04844673723794476
broadband,download,2,True,385878,154537,48.44178251967663,15.849373152925867,3.545836697731881,90.7669340248108,35.616890932926545,50.684942311132005,0.04944457531218625
broadband,download,3,True,284613,143115,50.98581118490386,17.586444479346913,4.164029236198996,94.23756266371548,35.31130380728523,49.18461508667359,0.04822026231745766
broadband,download,4,True,259090,103093,51.04747288232327,18.544137166690124,4.737191528441608,94.06691388517373,36.88252721752021,50.37696942695333,0.046308127053562666
broadband,download,5,True,303552,151396,48.16219542517543,17.35200055824599,4.48643067299033,89.98469303465012,38.26911989343991,50.90244794848724,0.04705839638842107
broadband,download,6,True,418802,188499,41.74841414757127,13.544114417677132,3.165051392403008,80.42708311300206,39.88327992208015,53.70802633156669,0.04867547396784194
broadband,download,7,True,597714,259565,37.80754132033432,10.783571884049408,2.3716282248070715,74.45920313872735,41.44874341783434,56.38476170855167,0.05251606398152795
broadband,download,8,True,888576,341508,36.046923664360655,9.396703714996695,1.7715615983801263,72.26683981707173,43.89321038358603,60.07985704683641,0.0584891964833108
broadband,download,9,True,1159871,476641,34.47442646067956,8.616868604068857,1.5500286199717284,70.59839029105063,45.67982461290046,61.9892595911071,0.061993922229501015
broadband,download,10,True,1382611,452551,34.13043480709996,8.509210042085613,1.5989711385508323,70.37785143219313,45.11807406031115,62.11466537051097,0.06335472916008328
broadband,download,11,True,1457147,500471,32.84277514534545,8.020210760922616,1.491854591208594,69.33379192476797,44.855745597433554,62.79627922604027,0.06599337667849338
broadband,download,12,True,1462574,462413,30.47970382112443,7.147083957061051,1.3512308946901124,66.85271752464854,45.675760918019606,64.03851482862028,0.06848307160314472
broadband,download,13,True,1526918,556024,29.67593919531728,6.788205775737178,1.2617107152331344,66.06279644631122,45.89264725982871,64.552906100539,0.07027011354416726
broadband,download,14,True,1519369,548154,30.211088278226743,7.064124169209992,1.309731797160536,66.67640706892645,45.35266871366027,64.02955375895868,0.06877880146615117
broadband,download,15,True,1442849,500673,31.045654055110973,7.471405259961325,1.4583010504709006,67.67860991875499,44.242037996512416,62.57543579001103,0.06606634431727569
broadband,download,16,True,1378597,386498,30.512842698247276,7.432954911211899,1.4748072689928757,66.94365017771588,43.934075122009844,61.80219174044054,0.06539236446354413
broadband,download,17,True,1373948,437594,28.693323618068185,6.785368788127548,1.3349399088523186,64.66531999587204,44.3956958666274,63.10414117154457,0.06556666264550692
broadband,download,18,True,1513810,491850,25.266981943611043,5.400203384251659,1.0477099022340262,60.44737533690686,47.67010509223301,66.79621733055274,0.0719938881158938
broadband,download,19,True,1758275,557625,21.54463221327479,4.391489829114629,0.8569457490792891,56.107687963390745,51.525144207224784,72.22615024756429,0.08089941478209318
broadband,download,20,True,2126731,759494,19.397363030174986,3.9042826631722396,0.7827706450197527,53.037380903863856,54.99219635339653,77.13410650329642,0.08645564559174362
broadband,download,21,True,2101368,716090,22.32624874219583,4.755602317857304,0.956061212819687,57.110495505731556,51.57667706534584,73.47948844445447,0.07830983727277724
broadband,download,22,True,1604655,622872,28.37749674926453,6.72087255181589,1.3570034007695242,64.58679596068177,44.998137275319216,64.5535373604855,0.06338849365398357
broadband,download,23,True,1091211,426275,33.89789500842243,8.909350410425072,1.8292040825431204,71.6333302817891,39.70286583927034,57.832255793460995,0.05305070945996183
broadband,upload,0,False,1525178,507729,24.16386165272935,2.8474815935786943,0.08279294706204253,56.5338111792613,39.38863551861601,55.19023921565484,0.0
broadband,upload,1,False,1012382,391739,26.434226997376868,3.3081334363718264,0.08290537635043782,58.502900565222724,39.40002726187408,53.54459921723668,0.0
broadband,upload,2,False,736819,252705,28.744256158976423,3.849333042662997,0.08348304879988644,61.09995798616269,38.58205063408928,52.01047560538473,0.0
broadband,upload,3,False,577430,259174,30.127206075106862,4.252966803062301,0.08437982952629416,62.093190271038495,38.160050337998264,51.041875270710094,0.0
broadband,upload,4,False,568562,274806,30.573644064445055,4.730289025751852,0.08629316285220236,61.5569148346792,38.78329815577122,51.40991316985439,0.0
broadband,upload,5,False,765363,332984,30.82766455439671,5.521870323450905,0.09257436122683804,61.5466753292342,40.251409657252076,53.07809428203947,0.0
broadband,upload,6,False,1207041,434891,30.72123844480797,5.797756473930422,0.10584343434245533,61.44898355303418,41.28188289168088,56.16184106399915,0.0
broadband,upload,7,False,1499844,469134,24.3556291707752,3.7193350509987475,0.08704867852901858,54.50841036666401,41.52028571097626,56.70395622997375,0.0
broadband,upload,8,False,2143460,692637,19.925987180330377,2.6011251159742903,0.08343732745433588,49.17140855411084,45.23299456561123,60.95445155071225,0.0
broadband,upload,9,False,2655504,890789,18.689802432738848,2.371940003747679,0.0834024850551048,48.43782559432584,46.568399965193436,62.87789235303507,0.0
broadband,upload,10,False,3011580,992842,19.278636278958757,2.353526001441041,0.08400587092091302,49.5357067452826,47.234788916251624,63.66485763429874,0.0
broadband,upload,11,False,3045054,909219,19.6118918858993,2.290298243401069,0.08333270942364128,50.17262720230957,48.00906951091731,64.74167891542555,0.0
broadband,upload,12,False,2837585,1038607,18.760609181167435,2.009443329933196,0.0829828835088776,49.03912514210664,49.39123511723675,66.98390521097613,0.0
broadband,upload,13,False,3167403,803778,17.637272470330103,1.8168187806900986,0.0828785122577104,48.10221287599188,49.17861044556567,66.73398303013249,0.0
broadband,upload,14,False,3212541,847303,18.105697641640877,1.9797714722353146,0.08298902473902095,48.87270405426619,47.39473340522192,64.2456587084757,0.0
broadband,upload,15,False,3111424,1013870,18.798065248871985,2.176169053240375,0.08309877888632945,49.98209622456601,46.37984779242894,63.22962675743097,0.0
broadband,upload,16,False,3009441,967647,18.878226792077324,2.1746033635251893,0.08307250351398389,49.97605004440226,46.30129857252708,63.17938468345206,0.0
broadband,upload,17,False,2962689,1141970,18.64626643221653,2.066445245745247,0.08287567366464753,48.99952164482061,46.790920915393954,64.09519317172179,0.0
broadband,upload,18,False,3278246,1034532,16.2551238146144,1.5416286307006395,0.08205783109760731,46.16944786959671,51.306751298595714,69.97501362918578,0.0
broadband,upload,19,False,3924636,1491653,14.57453323743979,1.1482068834712644,0.08163659771742929,43.89075024824401,55.577989967919244,76.01445880572241,0.0
broadband,upload,20,False,5000168,1457273,13.456867042833753,0.90788257134365,0.08158835904763419,42.647199581132085,58.82147245127749,80.57377217454136,0.0
broadband,upload,21,False,4898796,1208804,14.6073536025601,1.068765265413493,0.08196483502437164,44.274487625475516,55.710684493805644,77.13776394306471,0.0
broadband,upload,22,False,3597635,1176332,18.294024493839586,1.6931614958795536,0.08229954598250397,48.9015425555096,47.6884022105463,66.368637066827,0.0
broadband,upload,23,False,2403528,588054,21.743233332807176,2.358242367907965,0.08262631648994012,53.367169712416135,42.08194070719184,58.98410755024335,0.0
broadband,upload,0,True,634988,284235,22.87195582085948,2.7356717359214584,0.08270499752162008,54.553521518133955,40.091289171114134,55.36493571945296,0.0
broadband,upload,1,True,423452,218975,25.355092128767925,3.2289448816864303,0.08300766069156311,56.92944102218375,39.11391321107534,53.592167744908146,0.0
broadband,upload,2,True,296682,128961,27.860702763670012,3.808490143369307,0.08350742706079484,60.02349447445749,38.21829462585853,52.09225994745948,0.0
broadband,upload,3,True,222254,101221,29.322009025018865,4.325716183269297,0.08464561162708364,61.174376855824576,37.87080430552542,50.4852363154293,0.0
broadband,upload,4,True,206944,89553,30.322065879447653,4.9517436290944365,0.08697297776546228,60.75463986905532,39.605359861179,51.56713185756001,0.0
broadband,upload,5,True,246450,120047,30.44436531010365,5.683612214275636,0.0955069326211041,60.6611766502815,40.56285170671869,52.05390176697659,0.0
broadband,upload,6,True,334933,154138,26.158234338510407,4.327362376252702,0.09009977319819544,54.42486812973893,42.26495120054249,54.855018065541486,0.0
broadband,upload,7,True,471112,214554,23.471531760448322,3.5674954781439854,0.08697153589754764,51.96168515034482,43.8576059575001,57.708332097239264,0.0
broadband,upload,8,True,703020,309198,23.03225796224561,3.30607797007054,0.08655793456431587,51.46125115830128,46.19907437831779,61.46933229807473,0.0
broadband,upload,9,True,933551,392173,22.349653536005214,3.083654268674638,0.08639506859188878,51.261426219042704,47.87306680486351,63.12553435813344,0.0
broadband,upload,10,True,1109701,382868,22.435612865005805,3.018250375497041,0.08637321969933848,51.82416217295437,47.58853905627673,63.35645294837539,0.0
broadband,upload,11,True,1166724,387053,22.30445636519611,2.952441955714967,0.08616273168203192,51.801509116157526,47.50043469520187,64.20305567225509,0.0
broadband,upload,12,True,1146154,399042,20.815657658911125,2.537148819362536,0.08415035916416017,50.24605192238974,48.16495321275294,65.53205140498649,0.0
broadband,upload,13,True,1168664,418897,19.584979901577938,2.2253527549075316,0.08313807739407036,49.29090921791282,48.28735240054833,66.22343911220062,0.0
broadband,upload,14,True,1160217,452155,19.72387799491821,2.2307862428943355,0.08289299194993716,49.395332266153176,47.87779922671513,65.82849213304442,0.0
broadband,upload,15,True,1104091,426509,19.972458348214413,2.2963702067507876,0.08324761370081035,49.82700020731817,47.01232172468483,64.46930203441633,0.0
broadband,upload,16,True,1053179,362613,19.249195677861312,2.246760916146053,0.0828363208697775,49.14942158075701,46.72527844536717,63.843114123499156,0.0
broadband,upload,17,True,1039588,337785,18.10319583479738,2.072348903068342,0.08270195672854282,47.641922286180915,47.22282717996801,65.13071415533433,0.0
broadband,upload,18,True,1132152,439643,16.19450662854706,1.5553379868975132,0.08199704172100143,45.486885236971055,50.06223313508402,68.87796641447318,0.0
broadband,upload,19,True,1303336,423131,14.374832005350338,1.1472537782285668,0.08109246516061305,43.37790626342684,53.829588213410894,74.40971856616714,0.0
broadband,upload,20,True,1573923,650021,12.981288414014765,0.8779484387703425,0.08085402171862048,41.580986035795945,57.4653950392084,79.60796069382702,0.0
broadband,upload,21,True,1564715,658903,14.092426322424418,1.038588794197521,0.08159708604027532,43.22693840441471,54.219886588375104,76.08791055107817,0.0
broadband,upload,22,True,1201253,480038,16.67184303008074,1.5719842190422448,0.08206767725567726,46.56478399070077,48.056258157506136,66.8847718787606,0.0
broadband,upload,23,True,815854,293721,19.473253477943206,2.1397407110873825,0.08228510851281388,49.7834520832733,42.71565520723808,59.72798314653616,0.0
cellular,download,0,False,741208,131848,14.80631788681582,5.557835380988135,1.75272188939491,32.23919313786303,50.80646403413727,61.56602354833814,0.02974191049360902
cellular,download,1,False,485952,108845,18.106275117003065,7.101582079255044,2.2269891867792397,36.3095249700373,50.087699963244404,59.72747090341322,0.029237137839309237
cellular,download,2,False,338614,84070,20.62401525696572,8.20784028148273,2.6251829490912417,39.58754919388588,49.69994432964013,58.93730675674876,0.029639918986291845
cellular,download,3,False,271432,72333,21.5325915477017,8.57327627385157,2.747408788254232,40.455997042607144,49.673186992675085,58.489097972089176,0.02986141023587007
cellular,download,4,False,285147,76900,20.333745783307354,8.302762830846373,2.7972297106660533,38.79760200759916,49.24202741905339,58.50839407799191,0.0289930432101274
cellular,download,5,False,406698,91749,16.830237252215902,6.749234180263391,2.243511163556105,34.66839026935977,49.633511894659875,59.689995275547865,0.02854156890964626
cellular,download,6,False,619427,130350,13.868092976975678,5.291486488617867,1.6910998907014474,31.54812597529075,49.37264585982428,61.605176492911205,0.02858758068950264
cellular,download,7,False,841130,134562,11.718151879933759,4.325503392719463,1.2996338939515348,28.91528648645248,49.94995998923307,62.7820709039942,0.028619822112867833
cellular,download,8,False,1099864,150276,10.351789926812064,3.6029401692687166,1.0186526383591867,27.50716780414124,50.541598639012015,65.50811757278932,0.03019057364412305
cellular,download,9,False,1284360,176977,9.436453679991033,3.097120519658695,0.8500248960599835,25.79774526671487,51.534236506018054,67.52883652272385,0.032723974122026774
cellular,download,10,False,1389011,170862,8.811623364897631,2.7856172038074023,0.7588126733568372,24.789766417703827,52.616860929311386,68.5801693405188,0.03572904719066514
cellular,download,11,False,1393715,188064,8.453395057901679,2.604770935693914,0.7003593205331545,24.022425692355476,53.66761539425556,69.41052280839808,0.03863055935095922
cellular,download,12,False,1445374,192672,7.46955227438258,2.193548953627432,0.588477322177643,21.992126202163085,55.669315240383405,71.43605138619539,0.0423815490074332
cellular,download,13,False,1482120,183780,8.238567418579972,2.5378847249728653,0.6818547347479508,23.423487679615008,54.95506669379309,70.09032145232025,0.04129203475253534
cellular,download,14,False,1450190,250054,8.5905561343582,2.700671264509718,0.7436598047260085,24.26490188181411,53.5687816630094,68.42288293730323,0.03952806789290971
cellular,download,15,False,1411180,195888,8.766676816562601,2.799046907314401,0.776226732518447,24.486068016931803,52.967482647740546,67.50646653544918,0.03897266369504887
cellular,download,16,False,1408198,171278,8.582163981400763,2.7400880224175848,0.760118004049609,24.111489228250825,53.28394409202966,67.61705755134447,0.03973761150655176
cellular,download,17,False,1550232,214161,7.805059654884117,2.382180014361222,0.655489287148605,22.10776913692528,54.813416236374984,69.67261428256981,0.04206068336095661
cellular,download,18,False,1788580,200217,6.537828791922741,1.8742303423239421,0.5085819239300609,19.5305589884259,57.816972726772406,74.7044051652413,0.04819676486598104
cellular,download,19,False,2077938,261106,5.571389994390638,1.4900294652030581,0.40394000577303996,17.596592194281737,60.32693211325163,79.33873415418765,0.05601469736934635
cellular,download,20,False,2448163,265948,5.0251402374490795,1.3110411655641907,0.3601792563583401,16.389872675412022,62.14432894707503,82.74797946488545,0.061538829899782876
cellular,download,21,False,2341028,249039,5.570289957056905,1.5249113976763267,0.4177628356264953,17.3169210678699,59.86575560015731,79.53993265933511,0.05445829986054178
cellular,download,22,False,1734825,263449,7.634057783579146,2.3665865850778136,0.6614883694510181,21.01757025664146,54.52786942051042,70.37826967533884,0.04092024580625823
cellular,download,23,False,1155232,153435,10.394066097493011,3.559985279091903,1.1040090265972364,26.061670056623853,51.587362203061375,64.03021523674906,0.036698315990918266
cellular,download,0,True,319382,72987,13.626423237583547,5.046891711355632,1.5767362184421165,30.7548174359874,51.086947750336705,62.30973301904542,0.02936113199629854
cellular,download,1,True,208972,65395,17.32031230024908,6.788457253946079,2.166696500511882,35.7895610397166,49.54522457275784,59.61627084300676,0.028252869621274046
cellular,download,2,True,143508,56021,19.885744795484896,7.900761508893467,2.5423692472964565,38.71052245143542,49.43099955193363,58.72894074925944,0.029381625647226343
cellular,download,3,True,111574,44616,20.699703673989266,8.292052538378869,2.7065605263226047,39.74558971975045,49.341306583955955,58.39597916442519,0.029948691728210304
cellular,download,4,True,112348,44159,20.268808973742363,8.272113806712348,2.746137849550098,38.52314477260296,49.56561792350177,58.14668432720225,0.028900897672990953
cellular,download,5,True,144924,53226,17.295548112913988,6.973967087349259,2.3361138328339064,35.24363953005612,49.84952864695781,60.10347209838377,0.02865354815605209
cellular,download,6,True,217392,58927,12.886510227296313,4.878964073117565,1.5208506093120997,30.216957027397928,51.22015134350899,62.80540070580979,0.03011146117525639
cellular,download,7,True,309403,72672,10.283984586120951,3.681985969960946,1.0571732775505982,26.678155140203252,51.375279768824704,64.94325292462882,0.030281874054400738
cellular,download,8,True,402619,86778,9.36570309809653,3.1385875811869575,0.8600626289460374,25.42705291609463,52.1973470839298,66.7323223883489,0.033879092059708314
cellular,download,9,True,481626,97200,8.437222530826483,2.6743224142236484,0.7118269954903369,23.66244188413047,53.54303794216692,69.12699653477482,0.036819347708286425
cellular,download,10,True,542735,103408,7.86222698451966,2.3798540707446634,0.6441679865664596,22.55236492191031,53.8407598026943,70.17329501085017,0.039190713035204904
cellular,download,11,True,569937,96264,7.537765624419172,2.2511680943922308,0.6024732088614168,22.290172375038185,54.18305870719171,70.84022336495887,0.04192066568772546
cellular,download,12,True,584426,133358,6.993553558313385,2.049783831360575,0.5487519115235499,21.107079736253855,55.032925502098344,71.90325748619894,0.04322832749027461
cellular,download,13,True,592831,103052,7.152924509792396,2.09637490349891,0.5690105315847526,21.429488594088497,54.58994777693764,71.38066846186037,0.04465112352863019
cellular,download,14,True,588466,103861,7.43026484609823,2.21332242772261,0.5978430107177842,21.806814171803904,54.1334935891386,70.57239170659685,0.043989043952019274
cellular,download,15,True,572519,119676,7.671623386190739,2.345055332684662,0.6483014824209545,22.21121699476467,53.65569754558972,69.63787643760016,0.041974641661005035
cellular,download,16,True,570183,100485,7.747368630299153,2.3966293761239377,0.6640733229214558,22.283582560354752,53.83197514471925,69.24577826544753,0.04131447675820028
cellular,download,17,True,605589,111896,7.342562919199806,2.248117556206555,0.6211731836258482,21.236038634076245,54.300465565881275,70.55882116255283,0.04182648559365761
cellular,download,18,True,672089,146693,6.32482871354506,1.805993191194451,0.49833839690455456,19.44890015909681,57.1050557739608,74.92457515146769,0.04757338804980303
cellular,download,19,True,756690,115845,5.471567951148497,1.4630119233580379,0.40174599220256113,17.59291212335261,59.83782324787179,79.44853923194776,0.05477950246377202
cellular,download,20,True,870964,116718,4.851119737012465,1.268394140760069,0.3497258679433834,16.08723493489881,61.76183572459815,83.18131812441312,0.059793275622078375
cellular,download,21,True,828790,107515,5.416279198225444,1.4859178823207775,0.408750672366458,16.97667612023194,59.212622192183844,79.65459811518727,0.05353971748768419
cellular,download,22,True,634913,109121,6.986515910638577,2.1322731305779774,0.5929220846270379,19.73787299319653,55.14093703056638,72.07739923178909,0.04295875966669648
cellular,download,23,True,434493,106686,9.451003019218307,3.1958600824758374,0.9814845324043941,24.362021581314384,51.88281983874446,65.76996643854835,0.0373011137975936
cellular,upload,0,False,522832,116184,3.254495047296706,0.5319373073666762,0.07601647712804394,9.520160636491495,52.4625069941065,62.94917509616671,0.0
cellular,upload,1,False,346541,81806,3.7635331492451565,0.6568945313328856,0.07691152961869345,10.272501811691757,51.689522305316366,61.21420020844221,0.0
cellular,upload,2,False,243625,72631,4.127338098591813,0.73420802998086,0.0768881461898569,10.865774496915613,51.24790876729187,60.57655203764829,0.0
cellular,upload,3,False,198135,61180,4.323926323827815,0.8310990696309174,0.07868792296861411,11.075305520841166,50.92105156358562,59.695623246796465,0.0
cellular,upload,4,False,211524,63906,4.362283241147262,0.8824922349602862,0.078969600877901,10.876757303390656,50.413272105099225,59.45258094112088,0.0
cellular,upload,5,False,302011,74176,3.87073352065524,0.8009646765250141,0.0776367530411032,10.51127517059745,51.14578967077934,61.04261671866835,0.0
cellular,upload,6,False,458405,99735,3.4327212225930595,0.6790685823798347,0.07639359229161218,10.088899880643874,51.08376298099775,63.01417410320659,0.0
cellular,upload,7,False,608852,116437,2.824010129450007,0.47026258585227904,0.07559280382242399,9.103342506702297,52.08900341473785,64.50378657239852,0.0
cellular,upload,8,False,792453,138000,2.4231006242422275,0.3341670866020574,0.07528698536725294,9.0578801797337,52.854697997804294,67.40684266147989,0.0
cellular,upload,9,False,920289,151027,2.141088591876095,0.2589289965585042,0.07505016186085173,8.749615580972426,53.800379312589364,69.34509248762976,0.0
cellular,upload,10,False,989793,141105,2.0286326450411645,0.23372065381562632,0.0740722446054419,8.820133890237164,54.82522088884191,70.3865898685838,0.0
cellular,upload,11,False,987861,157989,1.9260566605382774,0.21524032605147847,0.0731054730132297,8.682648779327671,55.78283616425589,71.0790997656115,0.0
cellular,upload,12,False,1009907,169558,1.703532581672473,0.17641629182222188,0.07010089222855363,7.898267010055343,57.757484120527415,73.13273405895173,0.0
cellular,upload,13,False,1048116,162565,1.8459201909953122,0.1982075215605196,0.07329918149969555,8.399698169201914,57.154376987126014,71.84143677685537,0.0
cellular,upload,14,False,1030401,192888,1.9694098137677796,0.22265482788896812,0.07429979632954367,8.674415159716819,55.71127376497525,70.15223583438365,0.0
cellular,upload,15,False,1001615,153679,2.025248678840921,0.23357533049485305,0.07497814861339924,8.726858770958174,55.12501690010996,69.20466374927898,0.0
cellular,upload,16,False,995948,135739,2.0198763534847597,0.2390984216676382,0.0748615113701232,8.537069853460876,55.24515580322145,69.38346516919692,0.0
cellular,upload,17,False,1083267,177134,1.873428702492109,0.20800236390379276,0.07276737359747777,7.836420906913553,56.90565742593356,71.47540023785658,0.0
cellular,upload,18,False,1239769,145810,1.629526008572898,0.15980742469396408,0.06916594658062754,7.041181632146506,59.639262252906455,76.37244474998673,0.0
cellular,upload,19,False,1433454,191463,1.3971911311488034,0.12717986092284292,0.06721298220078074,6.536448203842596,62.02743001353215,80.68079048060164,0.0
cellular,upload,20,False,1691191,186530,1.284046285332054,0.11607345452542189,0.06600895462525869,6.316011230607591,63.51382320916856,83.78955931273937,0.0
cellular,upload,21,False,1629957,208091,1.4453210668682848,0.14131415337726883,0.06917863718084796,6.546371204031637,61.35283862989893,80.6763153078824,0.0
cellular,upload,22,False,1217756,190398,1.9121944470968164,0.22772346386253936,0.07507522917091136,7.348812034860669,56.49703697537596,71.8003856203399,0.0
cellular,upload,23,False,815032,126147,2.5526546839110167,0.3685024834909295,0.07552313062908736,8.357572057939933,53.28364481746665,65.51900660252852,0.0
cellular,upload,0,True,222222,65329,3.1299777209303556,0.5174386319488804,0.07588750464741843,9.193989334823428,53.10277277239201,63.7832028545059,0.0
cellular,upload,1,True,147157,48348,3.736177678127193,0.6473725811203244,0.07623382218967484,10.27181930907437,51.16833686846601,60.90878203524413,0.0
cellular,upload,2,True,102227,39039,4.131486252606975,0.7873156434080676,0.0777712039473819,11.054112300764169,50.92771302926358,59.8998230896441,0.0
cellular,upload,3,True,80469,35938,4.295749837600365,0.8360778824329367,0.07821171475891879,11.066537655158042,50.43450146967774,59.578028207008856,0.0
cellular,upload,4,True,82872,33106,4.361179359733703,0.905387893691676,0.07900157809869329,10.852102561113703,50.58342779567419,59.25511750932359,0.0
cellular,upload,5,True,107762,44514,4.014223088843431,0.8471588280856324,0.07753030980656944,10.457936676773405,51.40303263865789,61.28300441837153,0.0
cellular,upload,6,True,159052,49221,3.2835606470883723,0.6438827779100623,0.07605708160564055,9.119497156144257,52.94773446875383,63.72135441055285,0.0
cellular,upload,7,True,224660,54823,2.7111061476752703,0.4858883083266042,0.07554769497679192,8.33070817009588,53.69164989502773,66.18233285819929,0.0
cellular,upload,8,True,287645,77847,2.4772677753461494,0.37007738276917757,0.0752701065680148,8.342649486383149,54.383013284837176,67.98004064477746,0.0
cellular,upload,9,True,343875,75224,2.1867064773760205,0.2978901100861965,0.07467676826813255,8.069169314401668,55.59088968931928,70.26827278046251,0.0
cellular,upload,10,True,385693,89584,2.0210600152380724,0.24381565126168014,0.07324196232303701,8.00626063230464,56.2954258006245,71.75591458701575,0.0
cellular,upload,11,True,404956,92295,1.9748936019470127,0.2378585314199264,0.07275181097683402,8.159603804127475,56.49181358015518,72.03382635728317,0.0
cellular,upload,12,True,409393,116228,1.8344870242117897,0.20127603697537189,0.0705363215684368,7.730975175424447,57.335876170086095,73.1926963902325,0.0
cellular,upload,13,True,411707,95764,1.8580791181495846,0.20200258987121772,0.0712830976934916,7.774164709200949,56.90473723475641,72.91291211185404,0.0
cellular,upload,14,True,408813,90978,1.910016430757071,0.21190712232122474,0.07233239775790375,7.801415007423183,56.74338643806227,72.29918845984311,0.0
cellular,upload,15,True,399203,94272,1.9885725411993356,0.2284844015738261,0.07332259599142667,7.905356685059444,55.978842616839195,71.52901524128043,0.0
cellular,upload,16,True,396556,89522,1.9347864285393148,0.22949517147122855,0.07340354743794093,7.774910299243144,56.01750110749684,71.20852134735054,0.0
cellular,upload,17,True,419583,97353,1.8312754502602713,0.21461491424894935,0.07207369562001263,7.236154695452703,56.59860280893267,72.22131054491345,0.0
cellular,upload,18,True,458719,111605,1.6050878118909533,0.16050981917943333,0.06871110293341584,6.8505859748694204,59.18613390641365,76.34701547517963,0.0
cellular,upload,19,True,514692,110051,1.3879446732252996,0.1295209784287906,0.0667124048445159,6.3916757711141825,61.653053539601046,81.00452581762299,0.0
cellular,upload,20,True,592255,103107,1.2652235540625774,0.11406150289523524,0.06439096561406808,6.088447442555602,63.17846746933083,84.17763425704415,0.0
cellular,upload,21,True,565896,90951,1.3989177073186714,0.13679627325060714,0.06855238314261462,6.2853126635326495,60.766682382621624,80.74602494421336,0.0
cellular,upload,22,True,437154,87677,1.7838556005498356,0.21323319493581522,0.07373259841814857,6.869225194306308,56.88970461912983,73.04647268867178,0.0
cellular,upload,23,True,299417,81979,2.3905437480983807,0.33695729630071186,0.0753641899785274,7.816597843618519,53.743907775713176,67.19713025180577,0.0
