asn,operator,as_name,network_type,quarter,year,quarter_num,avg_d_mbps,avg_u_mbps,med_d_mbps,med_u_mbps,avg_lat_ms,med_lat_ms,total_tests,n_ips_approx,market_share_pct,is_reliable
131267,Unitel,Star Telecom,broadband,2023-Q1,2023,1,15.600789932817293,12.709737268569917,13.001260332747046,9.687577687397265,136.19361471861473,83.76599999999999,462,201,47.142857142857146,True
9873,LTC,"Lao Telecom Communication, LTC",broadband,2023-Q1,2023,1,12.662369276485204,5.906672061315514,10.527268927798351,2.7292746641189445,169.03678753541072,115.209,353,193,36.02040816326531,True
140635,,"3C Link Technology Sole Co., Ltd.",broadband,2023-Q1,2023,1,30.663330790001925,25.401870267152123,30.887283322831742,27.877238694561218,69.76388888888891,69.646,45,3,4.591836734693878,False
24337,,"Skytelecom , Transit provider and ISP in Vientiene.",broadband,2023-Q1,2023,1,8.160800354517189,8.975611605869961,6.046511350473807,7.582393157407894,89.0318148148148,71.272,27,12,2.7551020408163267,False
23900,,"Planet Online Laos, Internet Service Provider in LAO PDR",broadband,2023-Q1,2023,1,5.100992914509827,3.934815572059333,4.421721222262623,3.2484006885585917,179.9720740740741,177.0,27,23,2.7551020408163267,False
10226,ETL,ETL Company Limited,broadband,2023-Q1,2023,1,15.527211918079965,9.512200720530739,3.4122883403425206,4.958259772071726,113.8065,80.20349999999999,20,12,2.0408163265306123,False
(unknown),,,broadband,2023-Q1,2023,1,45.343977089501735,40.275636888609384,41.19756094431431,31.078311049441222,155.70768750000002,70.9995,16,12,1.6326530612244898,False
138934,,"SLT Network Co.,LTD",broadband,2023-Q1,2023,1,19.877496689906827,0.761659009219678,23.927092568275043,0.5734932414513649,85.62389999999999,72.2595,10,6,1.0204081632653061,False
136748,,"Etern Laos Communication Technology Sole Co .,Ltd",broadband,2023-Q1,2023,1,2.833907435800911,1.2911272906060662,3.4363645201256507,0.4583234149118219,191.1728888888889,213.0,9,4,0.9183673469387755,False
135059,,"Lao Asia Pacific Satellite Co., Ltd.",broadband,2023-Q1,2023,1,18.163019664403464,17.858191125053235,14.873247856413734,8.829150675465328,78.91416666666666,68.994,6,4,0.6122448979591837,False
137905,,Mangkone Technology Co. Ltd.,broadband,2023-Q1,2023,1,30.52848749042473,45.095887759523514,18.640102958800124,45.095887759523514,98.39840000000001,72.757,5,2,0.5102040816326531,False
131267,Unitel,Star Telecom,broadband,2023-Q2,2023,2,21.31300327990934,17.83407657012004,17.353681401298783,14.10962023622782,110.80033669354837,76.26249999999999,496,230,49.30417495029821,True
9873,LTC,"Lao Telecom Communication, LTC",broadband,2023-Q2,2023,2,14.843235730477613,5.8838389738779675,14.653333558462636,3.619121236360653,137.95795988538683,85.408,349,196,34.69184890656064,True
10226,ETL,ETL Company Limited,broadband,2023-Q2,2023,2,12.692939111153738,11.180111499995107,6.966585424385281,4.966149865398069,80.68962222222223,70.531,45,20,4.473161033797217,False
24337,,"Skytelecom , Transit provider and ISP in Vientiene.",broadband,2023-Q2,2023,2,11.445890113720333,8.467234176887883,7.226433829676394,5.9751642521550705,73.53997297297296,67.354,37,25,3.6779324055666005,False
135059,,"Lao Asia Pacific Satellite Co., Ltd.",broadband,2023-Q2,2023,2,14.425652220488608,7.812266874381839,7.850262545425663,2.7015320175503215,128.4262962962963,64.893,27,7,2.68389662027833,False
(unknown),,,broadband,2023-Q2,2023,2,44.03415760394856,39.04354983274259,26.006115573460235,17.910478960510765,123.68008333333334,70.7385,24,18,2.3856858846918487,False
23900,,"Planet Online Laos, Internet Service Provider in LAO PDR",broadband,2023-Q2,2023,2,4.95905016110147,7.923790029592436,4.201861544977493,5.109216929536558,191.6008823529412,70.909,17,16,1.6898608349900597,False
138934,,"SLT Network Co.,LTD",broadband,2023-Q2,2023,2,15.183724911001121,26.40694950766988,12.883938454328241,14.3168375108637,70.71916666666668,70.842,6,2,0.5964214711729622,False
137905,,Mangkone Technology Co. Ltd.,broadband,2023-Q2,2023,2,36.13276649747208,14.820371357833848,51.12674651836323,17.548508200335885,68.91466666666666,69.316,3,2,0.2982107355864811,False
136486,,"Datacom Sole Co., Ltd",broadband,2023-Q2,2023,2,2.211429025101442,0.8575362539563429,2.211429025101442,0.8575362539563429,474.518,474.518,1,1,0.09940357852882704,False
137838,,"CHALERNSUB PROFESSIONAL NETWORK CO.,LTD.",broadband,2023-Q2,2023,2,39.05364087324765,7.396637658156646,39.05364087324765,7.396637658156646,371.765,371.765,1,1,0.09940357852882704,False
131267,Unitel,Star Telecom,broadband,2023-Q3,2023,3,15.8620289057107,16.911919449835587,11.743998316996311,14.17742100620698,97.21544067796611,74.57300000000001,826,285,48.36065573770492,True
9873,LTC,"Lao Telecom Communication, LTC",broadband,2023-Q3,2023,3,16.262904890584238,7.352768217717118,14.182689920211645,3.6085270023970866,132.14314329738056,88.831,649,312,37.997658079625296,True
24337,,"Skytelecom , Transit provider and ISP in Vientiene.",broadband,2023-Q3,2023,3,11.4168658735334,11.117829099382446,7.7287186101358065,8.794612360946056,74.6377619047619,69.595,84,27,4.918032786885246,False
(unknown),,,broadband,2023-Q3,2023,3,21.901093603624318,23.73699768343912,7.098582489209536,9.708650737070691,96.02104444444444,71.424,45,24,2.6346604215456675,False
10226,ETL,ETL Company Limited,broadband,2023-Q3,2023,3,19.512322963247918,14.686606153161886,9.861009803589836,3.379569420067062,81.63708333333334,67.8535,36,20,2.107728337236534,False
23900,,"Planet Online Laos, Internet Service Provider in LAO PDR",broadband,2023-Q3,2023,3,6.433561459790717,4.366770981155381,6.95323326539844,3.9677754805292804,122.43928,64.107,25,18,1.4637002341920375,False
138934,,"SLT Network Co.,LTD",broadband,2023-Q3,2023,3,18.257506034133513,28.408378978302913,13.220034875769462,12.203003894136836,81.2194347826087,64.0,23,4,1.3466042154566744,False
135059,,"Lao Asia Pacific Satellite Co., Ltd.",broadband,2023-Q3,2023,3,12.578017639606914,12.456358506362756,9.12811493849669,1.608698259583304,229.17245454545457,260.0,11,7,0.6440281030444965,False
140635,,"3C Link Technology Sole Co., Ltd.",broadband,2023-Q3,2023,3,25.268418437276562,31.23517276361859,27.681902862619598,30.700839022364896,67.04599999999999,67.599,5,2,0.2927400468384075,False
136748,,"Etern Laos Communication Technology Sole Co .,Ltd",broadband,2023-Q3,2023,3,2.9115163405018145,8.10989284385762,3.1494973728171964,8.10989284385762,221.674,217.562,3,3,0.1756440281030445,False
150716,,AP Network Communication,broadband,2023-Q3,2023,3,83.14987178130889,108.24821700088279,83.14987178130889,84.58924319853162,62.612,62.612,1,1,0.0585480093676815,False
131267,Unitel,Star Telecom,broadband,2023-Q4,2023,4,16.209068630660358,16.335977521739704,11.715892539044177,14.027499223322774,117.0597073170732,66.1225,656,338,43.762508338892594,True
9873,LTC,"Lao Telecom Communication, LTC",broadband,2023-Q4,2023,4,20.7626196284453,10.911292991829356,14.716044758901898,4.836263128181366,140.80301465201464,70.46549999999999,546,308,36.424282855236825,True
24337,,"Skytelecom , Transit provider and ISP in Vientiene.",broadband,2023-Q4,2023,4,13.275016588552118,12.13763348477895,7.609853272153536,6.8423772609819125,115.46914285714284,74.1285,98,46,6.537691794529686,False
10226,ETL,ETL Company Limited,broadband,2023-Q4,2023,4,14.265186456857647,13.933800037748771,6.658682295283162,7.84980667514321,107.45738297872339,70.729,94,38,6.270847231487658,False
(unknown),,,broadband,2023-Q4,2023,4,35.55608658703036,29.89924170263617,34.249178793184626,26.669464092187898,139.63270909090906,73.302,55,34,3.669112741827885,False
23900,,"Planet Online Laos, Internet Service Provider in LAO PDR",broadband,2023-Q4,2023,4,11.429145481068204,6.109060222839832,8.929009667548819,5.195119714741721,114.20196875000002,65.214,32,20,2.134756504336224,False
138934,,"SLT Network Co.,LTD",broadband,2023-Q4,2023,4,49.567938712139615,8.90298047147058,9.57383320519384,4.594250012688136,91.41433333333333,67.62899999999999,6,4,0.400266844563042,False
135059,,"Lao Asia Pacific Satellite Co., Ltd.",broadband,2023-Q4,2023,4,20.69132298907375,4.494448740796573,20.410599960547202,3.7378512186152313,119.1805,77.03200000000001,4,3,0.266844563042028,False
137838,,"CHALERNSUB PROFESSIONAL NETWORK CO.,LTD.",broadband,2023-Q4,2023,4,5.95259779739504,5.428353579423635,5.95259779739504,5.428353579423635,207.648,207.648,2,1,0.133422281521014,False
140635,,"3C Link Technology Sole Co., Ltd.",broadband,2023-Q4,2023,4,3.1228231719908246,2.36131088754583,3.1228231719908246,2.36131088754583,357.284,357.284,2,1,0.133422281521014,False
137905,,Mangkone Technology Co. Ltd.,broadband,2023-Q4,2023,4,17.448560393921234,26.747159071938825,17.448560393921234,6.51871267240452,70.469,70.469,2,1,0.133422281521014,False
150716,,AP Network Communication,broadband,2023-Q4,2023,4,20.367040981228172,30.980022494092502,20.367040981228172,30.980022494092502,61.783,61.783,1,1,0.066711140760507,False
55508,,Lao National Internet Center (LANIC),broadband,2023-Q4,2023,4,14.46253522720456,16.539294768564186,14.46253522720456,16.539294768564186,53.991,53.991,1,1,0.066711140760507,False
131267,Unitel,Star Telecom,broadband,2024-Q1,2024,1,23.120947153049983,20.357417856937182,20.810819654735948,14.60704110142458,72.53436074270556,65.0,1131,623,52.80112044817927,True
9873,LTC,"Lao Telecom Communication, LTC",broadband,2024-Q1,2024,1,23.070122737957384,10.245972429660972,19.2360700157156,5.0910404370211015,143.29984603421462,72.038,643,372,30.018674136321195,True
24337,,"Skytelecom , Transit provider and ISP in Vientiene.",broadband,2024-Q1,2024,1,13.658710358880827,11.68414905433289,6.6556765728787495,5.480087691815847,86.34326229508197,76.2945,122,55,5.695611577964519,True
(unknown),,,broadband,2024-Q1,2024,1,39.98187096898005,33.99301936469539,24.786237357061463,19.493955396015384,76.1342808988764,70.975,89,52,4.15499533146592,False
10226,ETL,ETL Company Limited,broadband,2024-Q1,2024,1,18.10937053384375,15.906954395844997,8.504847106785949,5.6276524269609824,82.0772807017544,72.125,57,40,2.661064425770308,False
140635,,"3C Link Technology Sole Co., Ltd.",broadband,2024-Q1,2024,1,29.951186970974078,22.719346758736247,30.849214773183213,22.662847202706168,68.84276470588236,70.7445,34,3,1.5873015873015872,False
23900,,"Planet Online Laos, Internet Service Provider in LAO PDR",broadband,2024-Q1,2024,1,18.32508621670743,11.089490318813983,14.293088175323131,8.944588583192505,103.68055555555556,68.67,27,20,1.2605042016806722,False
135059,,"Lao Asia Pacific Satellite Co., Ltd.",broadband,2024-Q1,2024,1,9.737177862201039,7.242132842546712,5.457226500497311,0.13178425715620234,196.5533157894737,242.0,19,10,0.8870214752567693,False
136748,,"Etern Laos Communication Technology Sole Co .,Ltd",broadband,2024-Q1,2024,1,9.219977750874397,7.2726893990513135,7.891226544618101,5.643964791442656,74.250125,74.17,8,6,0.3734827264239029,False
138934,,"SLT Network Co.,LTD",broadband,2024-Q1,2024,1,10.868801221703231,2.1749006673016615,7.62112689243204,0.7790012817401992,68.7567142857143,71.0,7,4,0.32679738562091504,False
137905,,Mangkone Technology Co. Ltd.,broadband,2024-Q1,2024,1,28.48179971000705,23.49332614587257,11.570007779390755,14.612160895641086,69.70700000000001,68.947,5,3,0.2334267040149393,False
131267,Unitel,Star Telecom,broadband,2024-Q2,2024,2,23.1682003109829,24.0651613157832,17.31107926161636,16.84691763028842,117.88621591695497,74.469,2890,629,65.92153284671532,True
9873,LTC,"Lao Telecom Communication, LTC",broadband,2024-Q2,2024,2,22.434320945412864,7.760367879006233,15.224441512406615,2.7343666568911065,196.7365313111546,108.99000000000001,1022,513,23.312043795620436,True
10226,ETL,ETL Company Limited,broadband,2024-Q2,2024,2,22.154375866139116,20.711889780564565,9.003635433605059,6.569600157928763,74.7975786516854,71.07650000000001,178,47,4.060218978102189,True
24337,,"Skytelecom , Transit provider and ISP in Vientiene.",broadband,2024-Q2,2024,2,11.160596800412911,10.677355068721372,7.661406215578827,4.894775725257856,104.37068131868132,70.878,91,52,2.0757299270072993,False
(unknown),,,broadband,2024-Q2,2024,2,38.70746032292434,36.67167458473391,25.914956164227718,24.259888159231593,88.9356707317073,68.56,82,47,1.8704379562043796,False
139011,,Banque pour le Commerce Exterieur Lao Public,broadband,2024-Q2,2024,2,12.790239593420317,12.391540303269256,14.46848710645407,11.700349964435565,64.3719347826087,63.8865,46,1,1.0492700729927007,False
135059,,"Lao Asia Pacific Satellite Co., Ltd.",broadband,2024-Q2,2024,2,14.498575767727008,14.681305383938012,10.763743712156757,12.236788510285171,279.94646428571434,289.2355,28,12,0.6386861313868614,False
23900,,"Planet Online Laos, Internet Service Provider in LAO PDR",broadband,2024-Q2,2024,2,14.056478828082206,10.9022958403829,9.502309613211672,7.427722948635259,107.38835000000002,70.964,20,20,0.4562043795620438,False
137905,,Mangkone Technology Co. Ltd.,broadband,2024-Q2,2024,2,46.33964403606993,66.59586015305605,9.926576532874575,17.379903804543126,101.53288888888889,74.83,9,5,0.20529197080291972,False
138934,,"SLT Network Co.,LTD",broadband,2024-Q2,2024,2,13.71693866277931,9.321668236495578,13.667243480453271,8.628781477465967,67.43725,65.03099999999999,8,3,0.18248175182481752,False
136748,,"Etern Laos Communication Technology Sole Co .,Ltd",broadband,2024-Q2,2024,2,9.538558238491582,9.991680692348897,3.5776090370476124,8.66662366720416,348.1906,385.656,5,3,0.11405109489051095,False
137838,,"CHALERNSUB PROFESSIONAL NETWORK CO.,LTD.",broadband,2024-Q2,2024,2,32.0153787131311,28.557847442539263,32.0153787131311,28.557847442539263,71.92850000000001,71.92850000000001,2,1,0.04562043795620438,False
140635,,"3C Link Technology Sole Co., Ltd.",broadband,2024-Q2,2024,2,30.501624701353645,,30.501624701353645,,70.282,70.282,1,1,0.02281021897810219,False
55508,,Lao National Internet Center (LANIC),broadband,2024-Q2,2024,2,7.456832806707742,3.201904250685275,7.456832806707742,3.201904250685275,93.0,93.0,1,1,0.02281021897810219,False
150716,,AP Network Communication,broadband,2024-Q2,2024,2,8.242142971490335,0.06404190478209407,8.242142971490335,0.06404190478209407,495.672,495.672,1,1,0.02281021897810219,False
131267,Unitel,Star Telecom,broadband,2024-Q3,2024,3,20.732556915682235,22.683995168719555,15.598278657608255,17.58324553803916,86.46279010806316,71.0,2406,798,51.31158029430582,True
9873,LTC,"Lao Telecom Communication, LTC",broadband,2024-Q3,2024,3,23.02280285685039,10.693786378737691,19.28128779380291,4.128380318958504,193.54525730027547,207.308,1817,682,38.750266581360634,True
24337,,"Skytelecom , Transit provider and ISP in Vientiene.",broadband,2024-Q3,2024,3,16.429806446458443,24.581368724820013,6.855099761000117,8.085643402578734,120.99103825136608,73.455,183,93,3.9027511196417146,True
10226,ETL,ETL Company Limited,broadband,2024-Q3,2024,3,22.32595476784602,13.337039482312719,6.2376284989720086,3.6769653983494646,81.18334782608696,75.0,161,69,3.433567924930689,True
23900,,"Planet Online Laos, Internet Service Provider in LAO PDR",broadband,2024-Q3,2024,3,25.510062286940364,17.257389687351925,26.385484168670352,16.11432633055126,128.07822,77.625,50,46,1.0663254425250586,False
(unknown),,,broadband,2024-Q3,2024,3,29.321845996533572,32.163167537746986,22.71776525729956,16.88923421469412,173.43419047619045,103.0,21,12,0.44785668586052463,False
135059,,"Lao Asia Pacific Satellite Co., Ltd.",broadband,2024-Q3,2024,3,14.583177843299154,12.101464995184264,12.241683943883656,2.7806508526994733,137.85294736842107,88.048,19,7,0.4052036681595223,False
137905,,Mangkone Technology Co. Ltd.,broadband,2024-Q3,2024,3,30.842205170299664,32.59117621649075,19.816687506538408,2.348087199687861,75.91977777777778,69.342,9,5,0.19193857965451055,False
138934,,"SLT Network Co.,LTD",broadband,2024-Q3,2024,3,20.68491950430073,12.694044983620433,18.154042446826157,14.246088505771041,74.04,74.031,8,3,0.1706120708040094,False
140635,,"3C Link Technology Sole Co., Ltd.",broadband,2024-Q3,2024,3,33.365983001618034,14.549236622263896,30.838128289853444,21.99456733690311,68.44183333333334,67.4915,6,5,0.12795905310300704,False
136748,,"Etern Laos Communication Technology Sole Co .,Ltd",broadband,2024-Q3,2024,3,9.21425080934712,5.510272479628872,9.148396370643605,6.335469098535757,99.0076,67.371,5,5,0.10663254425250586,False
140631,,Global Digital Management Solutions Co Ltd,broadband,2024-Q3,2024,3,12.035888190353566,6.8543877653934215,11.103777945073304,5.565132775165356,67.72500000000001,66.237,3,3,0.06397952655150352,False
133500,,"Lao Gateway Co., Ltd",broadband,2024-Q3,2024,3,20.16954221665514,25.77645683685425,20.16954221665514,25.77645683685425,271.656,271.656,1,1,0.021326508850501174,False
131267,Unitel,Star Telecom,broadband,2024-Q4,2024,4,21.037710207825043,21.161094963656865,18.630991492348915,18.500367198824964,94.76135397412202,73.926,1082,540,43.52373290426388,True
9873,LTC,"Lao Telecom Communication, LTC",broadband,2024-Q4,2024,4,19.93306813022984,11.575910737239905,12.776904163362927,3.846630187089485,235.73279861910243,221.659,869,560,34.95575221238938,True
24337,,"Skytelecom , Transit provider and ISP in Vientiene.",broadband,2024-Q4,2024,4,15.837810005157987,12.36802014964276,7.44253315725209,8.17318899630758,76.06155483870967,71.834,310,69,12.469831053901851,True
10226,ETL,ETL Company Limited,broadband,2024-Q4,2024,4,18.056824678149766,14.414047368554519,7.331345181158465,4.9939996139611775,81.9513203125,77.0,128,65,5.148833467417538,True
23900,,"Planet Online Laos, Internet Service Provider in LAO PDR",broadband,2024-Q4,2024,4,15.201456192068514,11.602460691784232,9.760402968633027,4.948295349032605,99.93048387096775,79.179,62,32,2.49396621078037,False
135059,,"Lao Asia Pacific Satellite Co., Ltd.",broadband,2024-Q4,2024,4,4.891339462930201,2.9657452941872995,3.395478603367383,2.229260450385848,151.07425,117.644,12,5,0.4827031375703942,False
140635,,"3C Link Technology Sole Co., Ltd.",broadband,2024-Q4,2024,4,15.892053238517205,8.845264843852059,7.790528172577379,7.076654605324563,67.36042857142857,68.642,7,6,0.2815768302493966,False
137905,,Mangkone Technology Co. Ltd.,broadband,2024-Q4,2024,4,13.265162020742926,19.25344217509943,16.540913029496547,7.657777211163396,66.459,67.046,5,3,0.2011263073209976,False
140631,,Global Digital Management Solutions Co Ltd,broadband,2024-Q4,2024,4,14.56384451076279,8.48886667309267,15.994972326080532,8.48886667309267,49.97125,49.5,4,1,0.16090104585679807,False
138934,,"SLT Network Co.,LTD",broadband,2024-Q4,2024,4,20.584429044759855,13.534792756488752,26.422524233970336,13.534792756488752,73.73933333333333,74.643,3,3,0.12067578439259855,False
150716,,AP Network Communication,broadband,2024-Q4,2024,4,21.27004364413834,45.48449160771412,21.27004364413834,21.328558682875528,217.01,217.01,2,1,0.08045052292839903,False
153347,,"Lao Communication Technology Sole Co., Ltd",broadband,2024-Q4,2024,4,37.42816766990163,48.59587877401217,37.42816766990163,48.59587877401217,49.616,49.616,1,1,0.04022526146419952,False
139011,,Banque pour le Commerce Exterieur Lao Public,broadband,2024-Q4,2024,4,1.2157769786138668,6.928460049330878,1.2157769786138668,6.928460049330878,66.364,66.364,1,1,0.04022526146419952,False
9873,LTC,"Lao Telecom Communication, LTC",broadband,2025-Q1,2025,1,33.673264777784,23.397720727041456,38.44842445953347,12.63526668135261,119.21128707176794,82.294,4000,423,41.98593471187152,True
131267,Unitel,Star Telecom,broadband,2025-Q1,2025,1,144.93345961936194,151.51434562086826,38.32469061742288,48.49282279030369,90.03680831826405,73.199,2765,674,29.022777369581192,True
24337,,"Skytelecom , Transit provider and ISP in Vientiene.",broadband,2025-Q1,2025,1,35.666175125907145,32.7448731267988,37.13589159214398,40.70163016201221,70.2405213068182,70.626,2112,51,22.168573527868165,True
23900,,"Planet Online Laos, Internet Service Provider in LAO PDR",broadband,2025-Q1,2025,1,42.121866789124866,32.15132042177973,46.61327590863417,32.75140475140475,77.15374328358209,71.388,335,21,3.51632203211924,True
153347,,"Lao Communication Technology Sole Co., Ltd",broadband,2025-Q1,2025,1,27.550757259066824,4.112794045137859,31.629884107140313,2.8021817133546363,46.278137142857126,44.483,175,2,1.836884643644379,True
10226,ETL,ETL Company Limited,broadband,2025-Q1,2025,1,28.241772498290892,28.60960604661417,14.268846707340778,15.477960142785118,75.78936363636365,74.863,121,49,1.2700745250341137,True
138934,,"SLT Network Co.,LTD",broadband,2025-Q1,2025,1,11.73018010440274,10.900778397161163,12.610181807494765,13.558768957495678,75.80557142857143,72.693,7,1,0.07347538574577517,False
150716,,AP Network Communication,broadband,2025-Q1,2025,1,35.148058403641,18.819952931457376,47.39706376667079,19.124679375064126,98.53920000000001,71.858,5,1,0.05248241838983941,False
135059,,"Lao Asia Pacific Satellite Co., Ltd.",broadband,2025-Q1,2025,1,2.187042081659031,3.2125906106619455,1.0567287054142311,1.0919506201545048,72.99000000000001,73.07050000000001,4,3,0.04198593471187152,False
137905,,Mangkone Technology Co. Ltd.,broadband,2025-Q1,2025,1,44.79094121555257,73.0495108354576,44.79094121555257,73.0495108354576,71.708,71.708,2,1,0.02099296735593576,False
136748,,"Etern Laos Communication Technology Sole Co .,Ltd",broadband,2025-Q1,2025,1,0.017141439508354405,,0.017141439508354405,,,,1,1,0.01049648367796788,False
131267,Unitel,Star Telecom,broadband,2025-Q2,2025,2,36.48608032073095,35.33323049815877,30.388785209339858,31.331919348253606,79.41173655621944,73.837,1843,538,62.55940257976918,True
9873,LTC,"Lao Telecom Communication, LTC",broadband,2025-Q2,2025,2,26.536724541463165,23.575405748542217,21.05050033845126,13.519589758193797,120.48592457737323,83.524,769,448,26.103190767141886,True
10226,ETL,ETL Company Limited,broadband,2025-Q2,2025,2,17.427969601118818,20.531555928097276,6.324523435243103,9.209452777212794,83.43732828282829,77.8025,198,67,6.720977596741344,True
24337,,"Skytelecom , Transit provider and ISP in Vientiene.",broadband,2025-Q2,2025,2,19.25602650204455,19.447153578113817,11.435262690733914,10.284032744788545,212.70376811594193,219.369,70,51,2.3761031907671417,False
23900,,"Planet Online Laos, Internet Service Provider in LAO PDR",broadband,2025-Q2,2025,2,27.08887453645883,27.11590027590787,21.715692305641234,20.25825501863093,121.66730555555556,73.4075,36,18,1.2219959266802445,False
135059,,"Lao Asia Pacific Satellite Co., Ltd.",broadband,2025-Q2,2025,2,0.8615917268051408,10.392586045036008,1.026127876028625,1.4165533687966667,120.90516666666667,71.8865,6,3,0.20366598778004075,False
136748,,"Etern Laos Communication Technology Sole Co .,Ltd",broadband,2025-Q2,2025,2,1.063341390326584,,1.067120906199098,,74.6194,74.272,5,4,0.1697216564833673,False
153347,,"Lao Communication Technology Sole Co., Ltd",broadband,2025-Q2,2025,2,21.829341865144126,32.481742243380666,5.799166485084013,18.27344339350604,46.6598,46.476,5,2,0.1697216564833673,False
137905,,Mangkone Technology Co. Ltd.,broadband,2025-Q2,2025,2,162.81325048899944,204.00049948018128,173.62259183402975,144.46965654726617,65.6335,64.732,4,3,0.13577732518669383,False
138934,,"SLT Network Co.,LTD",broadband,2025-Q2,2025,2,9.734355576763685,25.30923326522165,7.090993390887698,6.326160017215959,67.757,72.1495,4,1,0.13577732518669383,False
151953,,Electricite Du Laos,broadband,2025-Q2,2025,2,144.53151496255234,10.578229162452415,123.95173622319207,13.224916175754418,60.662,59.943,3,1,0.10183299389002037,False
140635,,"3C Link Technology Sole Co., Ltd.",broadband,2025-Q2,2025,2,85.6272976081226,,85.6272976081226,,64.741,64.741,2,1,0.06788866259334692,False
138668,,Department of Digital Technology,broadband,2025-Q2,2025,2,7.737234101912792,,7.737234101912792,,67.428,67.428,1,1,0.03394433129667346,False
131267,Unitel,Star Telecom,broadband,2025-Q3,2025,3,26.15776740380385,26.611279057594537,25.062870726846533,26.01990983752129,83.29350378469302,76.219,2378,822,55.926622765757294,True
9873,LTC,"Lao Telecom Communication, LTC",broadband,2025-Q3,2025,3,24.631572488907988,17.33933716262218,20.863635213760436,9.479207336645931,179.31264383561648,206.977,1389,789,32.66698024459078,True
10226,ETL,ETL Company Limited,broadband,2025-Q3,2025,3,25.585142148242795,30.950954362585428,18.151082758582074,21.623815437669464,88.41749289099528,78.623,211,75,4.962370649106303,True
24337,,"Skytelecom , Transit provider and ISP in Vientiene.",broadband,2025-Q3,2025,3,16.60583447319411,20.819363681216583,8.378304795633047,9.371703633313789,217.3413858267716,221.404,127,63,2.986829727187206,True
23900,,"Planet Online Laos, Internet Service Provider in LAO PDR",broadband,2025-Q3,2025,3,18.3576564287517,20.92306578795635,8.182264011927654,21.672906882917477,72.35640217391305,73.24,92,46,2.1636876763875823,False
135059,,"Lao Asia Pacific Satellite Co., Ltd.",broadband,2025-Q3,2025,3,5.876045936082562,8.57588865580426,1.4336448641923822,4.542159788165084,63.794421052631584,61.82,19,9,0.4468485418626529,False
137905,,Mangkone Technology Co. Ltd.,broadband,2025-Q3,2025,3,59.59615606305688,77.10368097819554,42.06517896137928,98.7647847550689,69.87700000000001,69.29,5,3,0.11759172154280338,False
136748,,"Etern Laos Communication Technology Sole Co .,Ltd",broadband,2025-Q3,2025,3,15.765033692677884,12.78841953569381,9.844924637287741,4.633653860868747,128.1414,75.713,5,3,0.11759172154280338,False
140631,,Global Digital Management Solutions Co Ltd,broadband,2025-Q3,2025,3,15.520369871460025,6.621910622686258,15.247840527043298,5.4662353515469775,76.8532,66.444,5,1,0.11759172154280338,False
140635,,"3C Link Technology Sole Co., Ltd.",broadband,2025-Q3,2025,3,11.074669465409574,5.845862432269696,9.637419404439092,5.845862432269696,76.354,78.256,4,1,0.09407337723424271,False
137838,,"CHALERNSUB PROFESSIONAL NETWORK CO.,LTD.",broadband,2025-Q3,2025,3,57.54511922264822,32.125913178144344,44.75524202491407,21.930518907129297,74.394,73.1485,4,3,0.09407337723424271,False
153347,,"Lao Communication Technology Sole Co., Ltd",broadband,2025-Q3,2025,3,31.333420963202038,18.27531832985085,17.3986033769421,4.830053346929721,50.437999999999995,50.2175,4,3,0.09407337723424271,False
151953,,Electricite Du Laos,broadband,2025-Q3,2025,3,42.3086821450001,282.9496912806207,42.623800459164435,261.85895734948923,74.90733333333334,72.583,3,1,0.07055503292568203,False
55508,,Lao National Internet Center (LANIC),broadband,2025-Q3,2025,3,43.89808435603557,56.83001529750976,43.89808435603557,56.83001529750976,66.5,66.5,2,2,0.047036688617121354,False
138668,,Department of Digital Technology,broadband,2025-Q3,2025,3,5.5502828638659185,1.1893452655291388,5.5502828638659185,1.1893452655291388,94.54050000000001,94.54050000000001,2,1,0.047036688617121354,False
150716,,AP Network Communication,broadband,2025-Q3,2025,3,63.37730347497488,2.0137790126054287,63.37730347497488,2.0137790126054287,71.85,71.85,1,1,0.023518344308560677,False
138934,,"SLT Network Co.,LTD",broadband,2025-Q3,2025,3,18.76537290222251,10.62714533326768,18.76537290222251,10.62714533326768,76.036,76.036,1,1,0.023518344308560677,False
131267,Unitel,Star Telecom,broadband,2025-Q4,2025,4,35.504515975051355,37.512014461322565,30.4995657745108,34.07444004615036,82.33537016574584,76.218,1991,732,63.448056086679415,True
9873,LTC,"Lao Telecom Communication, LTC",broadband,2025-Q4,2025,4,20.171405875245956,19.326363213294215,16.433171159416172,15.73686260224524,321.57454669987555,357.342,803,394,25.589547482472913,True
10226,ETL,ETL Company Limited,broadband,2025-Q4,2025,4,14.566592639847935,17.298556091442656,12.68066258969968,15.619696517001787,285.0838670520231,365.284,173,57,5.513065646908859,True
24337,,"Skytelecom , Transit provider and ISP in Vientiene.",broadband,2025-Q4,2025,4,17.338117140307666,17.551738402029784,7.482743603943458,9.45516683317959,204.23769999999996,226.114,90,38,2.8680688336520075,False
23900,,"Planet Online Laos, Internet Service Provider in LAO PDR",broadband,2025-Q4,2025,4,34.52858460998324,45.62092591824468,29.872937029582886,31.854612608410967,84.32226785714286,75.8945,56,29,1.7845761631612491,False
153347,,"Lao Communication Technology Sole Co., Ltd",broadband,2025-Q4,2025,4,72.52638798387744,69.14482386798498,48.99273802563216,17.85544631414907,51.12888888888889,48.845,9,5,0.28680688336520077,False
138934,,"SLT Network Co.,LTD",broadband,2025-Q4,2025,4,26.4138660940917,30.57489172294776,26.220815506606066,30.57489172294776,68.85125,67.757,4,2,0.12746972594008923,False
135059,,"Lao Asia Pacific Satellite Co., Ltd.",broadband,2025-Q4,2025,4,23.604372353994737,36.82957948419092,9.624353000644309,37.17750846218146,59.17399999999999,57.97,4,3,0.12746972594008923,False
153526,,01-00027433,broadband,2025-Q4,2025,4,4.352298566709528,91.77261904870713,4.352298566709528,91.77261904870713,64.5,64.5,2,1,0.06373486297004462,False
136748,,"Etern Laos Communication Technology Sole Co .,Ltd",broadband,2025-Q4,2025,4,7.990488186844853,2.1748588502424497,7.990488186844853,1.3059106694444014,75.73599999999999,75.73599999999999,2,2,0.06373486297004462,False
137838,,"CHALERNSUB PROFESSIONAL NETWORK CO.,LTD.",broadband,2025-Q4,2025,4,133.89367957679255,143.19249048110166,133.89367957679255,143.19249048110166,67.1285,67.1285,2,1,0.06373486297004462,False
140635,,"3C Link Technology Sole Co., Ltd.",broadband,2025-Q4,2025,4,30.480067537941846,,30.480067537941846,,72.276,72.276,1,1,0.03186743148502231,False
137905,,Mangkone Technology Co. Ltd.,broadband,2025-Q4,2025,4,201.2856814293731,62.433459674563174,201.2856814293731,62.433459674563174,68.529,68.529,1,1,0.03186743148502231,False
9873,LTC,"Lao Telecom Communication, LTC",cellular,2023-Q1,2023,1,8.584830966238274,5.612904109460458,5.389037910920837,3.779204749146696,186.59097151898735,139.5605,316,175,54.95652173913044,True
131267,Unitel,Star Telecom,cellular,2023-Q1,2023,1,21.584730678570157,8.180029572327893,15.849539974854872,5.038040378555961,145.84389473684206,103.945,209,146,36.34782608695652,True
10226,ETL,ETL Company Limited,cellular,2023-Q1,2023,1,10.121206352747134,6.635033326572097,5.38035705611809,1.6079439817698777,128.51073999999997,86.3965,50,30,8.695652173913043,False
9873,LTC,"Lao Telecom Communication, LTC",cellular,2023-Q2,2023,2,10.875265757089002,5.584026091961296,10.035957546796151,3.5037867284460167,137.73144370860928,93.441,302,170,57.088846880907376,True
131267,Unitel,Star Telecom,cellular,2023-Q2,2023,2,18.990805032020493,9.241041310680288,13.38999426960407,5.039030071615847,103.76992485549131,85.488,173,100,32.70321361058601,True
10226,ETL,ETL Company Limited,cellular,2023-Q2,2023,2,6.568319025281158,4.687282736983518,2.7940407660481226,3.1014921304476393,127.99412962962963,87.768,54,37,10.207939508506616,False
9873,LTC,"Lao Telecom Communication, LTC",cellular,2023-Q3,2023,3,12.168979913052228,5.907500656970542,9.573921979168553,3.321602047817161,136.1622402957486,89.991,541,273,47.70723104056437,True
131267,Unitel,Star Telecom,cellular,2023-Q3,2023,3,13.894267081126962,8.123486847283848,8.102386121893984,4.069606725719574,99.7491970954357,86.0275,483,211,42.592592592592595,True
10226,ETL,ETL Company Limited,cellular,2023-Q3,2023,3,7.647305400817868,5.783114144650368,2.2636593969248775,3.1319618089338745,136.71610909090907,86.07900000000001,110,47,9.700176366843033,True
9873,LTC,"Lao Telecom Communication, LTC",cellular,2023-Q4,2023,4,11.535163211147198,6.547483537876065,8.061248940418432,3.3028360051294645,150.95485258964143,81.68950000000001,503,275,52.94736842105263,True
131267,Unitel,Star Telecom,cellular,2023-Q4,2023,4,16.728705112459696,8.09130285787254,8.522161633829436,3.7154826038885913,106.86039541547278,85.426,349,211,36.73684210526316,True
10226,ETL,ETL Company Limited,cellular,2023-Q4,2023,4,9.579623809125286,5.282314146503822,3.558774077880491,2.9605307417529563,119.19306185567012,80.015,98,37,10.31578947368421,False
9873,LTC,"Lao Telecom Communication, LTC",cellular,2024-Q1,2024,1,13.900016787809705,8.408418888182794,10.777151321396122,5.189685907996629,165.37794899169631,85.257,843,397,52.10135970333745,True
131267,Unitel,Star Telecom,cellular,2024-Q1,2024,1,20.430005080339033,9.051728785659146,11.744005565427774,4.887634521924469,91.30145018450187,81.8725,542,306,33.49814585908529,True
10226,ETL,ETL Company Limited,cellular,2024-Q1,2024,1,6.478853649767126,5.616231312411283,3.4339721084954222,3.1218362453333293,91.49852789699571,83.92,233,96,14.400494437577256,True
131267,Unitel,Star Telecom,cellular,2024-Q2,2024,2,26.658116973062818,9.944546596703097,18.804190997867092,6.584612621545922,92.50085902503291,84.844,2280,641,57.30082935410907,True
9873,LTC,"Lao Telecom Communication, LTC",cellular,2024-Q2,2024,2,10.89518136698372,5.848215783913948,7.144863224759873,3.059130779189869,235.85125016995246,117.705,1471,730,36.96908771048002,True
10226,ETL,ETL Company Limited,cellular,2024-Q2,2024,2,10.74820209960827,5.872491217108043,3.3444825967119804,2.232880816170786,117.42416666666666,88.4085,228,99,5.730082935410907,True
131267,Unitel,Star Telecom,cellular,2024-Q3,2024,3,20.59014677766519,9.427181871144738,9.33421032516328,5.127463869644742,107.456116058029,85.946,1999,573,49.95002498750625,True
9873,LTC,"Lao Telecom Communication, LTC",cellular,2024-Q3,2024,3,12.536633734484669,7.374557380262944,8.781476021606114,4.526172182063649,236.47109465478846,232.007,1797,947,44.90254872563718,True
10226,ETL,ETL Company Limited,cellular,2024-Q3,2024,3,16.100003100304246,5.957272371119335,8.849901744715883,2.720173089166076,105.37848543689321,87.33500000000001,206,113,5.147426286856572,True
131267,Unitel,Star Telecom,cellular,2024-Q4,2024,4,21.875956532253298,9.710668298523222,10.815974163905796,4.717835613909671,121.1784542157752,92.197,1106,455,50.43319653442772,True
9873,LTC,"Lao Telecom Communication, LTC",cellular,2024-Q4,2024,4,13.259767980121907,6.858556803033175,8.815827881794544,3.184411921610586,238.75376729559747,239.2985,954,588,43.50205198358413,True
10226,ETL,ETL Company Limited,cellular,2024-Q4,2024,4,13.917959723412224,6.8631095390189705,5.411664726588029,2.0664482152557055,96.25946616541354,89.678,133,82,6.064751481988144,True
131267,Unitel,Star Telecom,cellular,2025-Q1,2025,1,22.00706561663636,12.62552490301765,12.293055002974414,9.687294094551282,98.96761353104728,91.80950000000001,2161,517,52.27382680212869,True
9873,LTC,"Lao Telecom Communication, LTC",cellular,2025-Q1,2025,1,14.159735035579407,8.822145879867477,9.4709410357566,5.659290648706804,144.4992046718577,103.7045,1798,725,43.49298500241896,True
10226,ETL,ETL Company Limited,cellular,2025-Q1,2025,1,14.211218783224082,8.615342338959167,9.409588169240187,3.979693293198305,91.62910857142855,89.89,175,74,4.233188195452346,True
131267,Unitel,Star Telecom,cellular,2025-Q2,2025,2,23.74144788403826,10.638164303360009,10.334053721490381,4.971265596451129,94.78001642935378,90.636,914,387,50.74958356468628,True
9873,LTC,"Lao Telecom Communication, LTC",cellular,2025-Q2,2025,2,19.143333701308244,10.47559412921943,12.332798273588203,6.225143815939596,145.75711195928753,99.4965,786,438,43.64242087729039,True
10226,ETL,ETL Company Limited,cellular,2025-Q2,2025,2,10.454064193686271,4.852183215746689,4.388408673675317,2.0211924471739993,94.23133663366339,91.507,101,53,5.607995558023321,True
131267,Unitel,Star Telecom,cellular,2025-Q3,2025,3,23.900904899734567,9.65262697959511,10.378341794111682,4.705375545832315,101.02739120262045,92.269,2137,735,56.192479621351566,True
9873,LTC,"Lao Telecom Communication, LTC",cellular,2025-Q3,2025,3,19.00904565103476,10.029528744715675,10.987560025686076,6.189333859648723,167.95633724340172,99.88499999999999,1364,672,35.866421246384434,True
10226,ETL,ETL Company Limited,cellular,2025-Q3,2025,3,23.3918186607225,7.224853619249228,11.110419957829102,3.8071609885531132,99.07828239202661,87.796,302,109,7.941099132264002,True
131267,Unitel,Star Telecom,cellular,2025-Q4,2025,4,20.26476028889047,10.369734340313116,8.67972447215022,6.238726399452835,96.27518793650796,93.005,1575,608,54.99301675977654,True
9873,LTC,"Lao Telecom Communication, LTC",cellular,2025-Q4,2025,4,15.569292393980376,9.89874560927932,10.904473888319426,6.414213068843127,334.91634690265505,372.03549999999996,1130,637,39.45530726256983,True
10226,ETL,ETL Company Limited,cellular,2025-Q4,2025,4,13.665097669598854,6.324015790531945,5.283678077207199,4.253532619805145,213.78766037735846,226.169,159,80,5.551675977653631,True
