province,quarter,year,quarter.1,avg_d_mbps,avg_u_mbps,avg_lat_ms_wt,total_tests,n_tiles,is_reliable,region,internet_tier,pop_2024,gdp_per_capita_raw_2021,density_per_km2,gdp_per_capita_usd_ppp_2021,gdp_per_capita_thb_2021
Ang Thong,2023-Q1,2023,1,8.604534012504223,3.0353601588246,85.32728571428571,7.0,2.0,False,Central,3,269000,142287,283,14661.7,468881.2
Bangkok Metropolis,2023-Q1,2023,1,24.60316778734969,12.66780782492181,86.80176113456243,1316913.0,39.0,True,Bangkok & Vicinity,1,5456000,593927,3488,61200.11,1957179.52
Buri Ram,2023-Q1,2023,1,12.467344932007231,12.763042364289076,163.76233333333334,129.0,2.0,False,Northeastern,4,1566000,80684,155,8313.93,265879.6
Chachoengsao,2023-Q1,2023,1,99.94657720088162,76.67396725243708,94.52771223021583,278.0,3.0,False,Eastern,2,733000,400385,142,41256.93,1319396.7
Chai Nat,2023-Q1,2023,1,7.557912829907482,3.9864597127204524,116.19642253521127,71.0,2.0,False,Central,3,314000,135667,131,13979.56,447066.18
Chaiyaphum,2023-Q1,2023,1,10.801071504799072,4.139979800767004,61.15036781609196,87.0,1.0,False,Northeastern,4,1106000,73134,88,7535.96,240999.93
Chiang Mai,2023-Q1,2023,1,34.445706094849065,26.207133167977773,130.30291658821312,26555.0,10.0,True,Northern,2,1799000,133306,79,13736.27,439285.93
Chiang Rai,2023-Q1,2023,1,28.030858384542935,14.773193166883676,120.55752573529413,272.0,5.0,True,Northern,3,1298000,90203,112,9294.8,297247.75
Chon Buri,2023-Q1,2023,1,100.21149662034888,65.96932110099274,71.5373909432245,8789.0,8.0,True,Eastern,1,1636000,524002,363,53994.82,1726754.27
Chumphon,2023-Q1,2023,1,6.492159773945578,8.146855257515988,63.45326190476191,42.0,2.0,False,Southern,2,508000,259853,84,26776.07,856298.79
Kalasin,2023-Q1,2023,1,27.094146248725107,17.777148730454968,98.4508860103627,193.0,2.0,False,Northeastern,4,962000,77397,139,7975.23,255047.88
Kamphaeng Phet,2023-Q1,2023,1,15.934104715156451,8.537936358373983,146.05640919904837,1261.0,1.0,False,Northern,3,701000,141987,82,14630.79,467892.6
Kanchanaburi,2023-Q1,2023,1,36.77366435178784,13.074834028624975,68.20157170172084,523.0,3.0,False,Western,3,896000,127365,46,13124.09,419708.43
Khon Kaen,2023-Q1,2023,1,33.52232712026685,26.560731941774808,122.93419550274939,10184.0,3.0,False,Northeastern,3,1772000,124489,166,12827.74,410231.09
Lampang,2023-Q1,2023,1,26.23815042560568,18.109940390650973,126.69088338414635,1312.0,6.0,True,Northern,3,704000,104754,56,10794.18,345197.95
Lamphun,2023-Q1,2023,1,31.141544459389394,19.487705593181957,87.81444736842106,76.0,3.0,False,Northern,2,397000,226464,89,23335.56,746271.35
Loei,2023-Q1,2023,1,66.95729095657553,52.26564694261375,78.51490502793295,179.0,1.0,False,Northeastern,4,632000,105205,60,10840.65,346684.14
Lop Buri,2023-Q1,2023,1,22.002070516669644,14.428956722292469,141.79254572713643,1334.0,4.0,False,Central,3,725000,142287,111,14661.7,468881.2
Maha Sarakham,2023-Q1,2023,1,25.946697446323387,19.09695656281006,105.59804878048782,82.0,2.0,False,Northeastern,4,930000,85228,165,8782.16,280853.53
Nakhon Nayok,2023-Q1,2023,1,60.247443253708106,21.336697497648743,93.48110332103322,542.0,3.0,False,Eastern,3,260000,115666,121,11918.59,381156.48
Nakhon Pathom,2023-Q1,2023,1,57.808086923472466,37.29855520998209,93.94403086112494,2009.0,4.0,False,Bangkok & Vicinity,2,926000,297901,432,30696.66,981679.12
Nakhon Ratchasima,2023-Q1,2023,1,47.375906661075696,36.49069014936279,99.17505670636974,7724.0,3.0,False,Northeastern,3,2620000,126119,126,12995.7,415602.46
Nakhon Sawan,2023-Q1,2023,1,46.389455764879166,35.8012807628529,120.32114974619289,1182.0,4.0,False,Northern,3,1014000,119856,106,12350.34,394963.87
Nakhon Si Thammarat,2023-Q1,2023,1,14.981577406294667,6.962474914014271,103.37821818181817,55.0,3.0,False,Southern,3,1535000,122494,154,12622.17,403656.93
Nan,2023-Q1,2023,1,23.544084635867982,13.776434155735288,90.37935625,1120.0,3.0,False,Northern,4,471000,81233,39,8370.5,267688.73
Nong Bua Lam Phu,2023-Q1,2023,1,8.097326858545754,3.0878947226160935,118.41179310344828,58.0,1.0,False,Northeastern,4,504000,63568,123,6550.25,209476.9
Nong Khai,2023-Q1,2023,1,15.729307681085002,8.930402490595654,101.04331521739131,92.0,3.0,False,Northeastern,4,512000,97617,156,10058.76,321679.25
Nonthaburi,2023-Q1,2023,1,24.22554165426822,9.186036851256262,98.78322216347962,111598.0,8.0,True,Bangkok & Vicinity,1,1318000,193641,2069,19953.38,638109.06
Pathum Thani,2023-Q1,2023,1,48.26903351468197,31.2836215783807,89.50425503154099,3329.0,7.0,True,Bangkok & Vicinity,1,1236000,230401,813,23741.25,759245.02
Pattani,2023-Q1,2023,1,11.621899358695623,6.169855521304956,73.202432,1375.0,2.0,False,Southern,4,741000,78131,375,8050.86,257466.65
Phatthalung,2023-Q1,2023,1,7.394509223129646,6.858542022335752,111.53043902439023,41.0,1.0,False,Southern,3,519000,81529,135,8401.01,268664.14
Phayao,2023-Q1,2023,1,26.241714667044263,15.86666639236703,94.22235642570281,996.0,1.0,False,Northern,3,455000,96550,74,9948.82,318163.15
Phetchabun,2023-Q1,2023,1,16.11867252342955,9.912042044288777,142.57667596702603,1577.0,5.0,True,Northern,3,961000,88485,75,9117.77,291586.39
Phetchaburi,2023-Q1,2023,1,36.92559839041992,25.13316994381455,82.99211904761904,84.0,2.0,False,Western,3,484100,144370,76,14876.34,475745.35
Phichit,2023-Q1,2023,1,14.499025888114502,6.902419505013054,152.70971536523928,397.0,1.0,False,Northern,3,517000,93950,120,9680.9,309595.31
Phitsanulok,2023-Q1,2023,1,74.34709205609721,60.54680245796239,95.24754224502112,3314.0,1.0,False,Northern,3,839000,113013,78,11645.22,372414.0
Phra Nakhon Si Ayutthaya,2023-Q1,2023,1,47.019532801819516,27.994361452324295,99.52559265442405,1198.0,10.0,True,Central,1,823000,468579,323,48283.86,1544117.75
Phrae,2023-Q1,2023,1,17.22056170246305,8.403204414140731,143.90951886792453,1378.0,3.0,False,Northern,3,422000,82755,65,8527.34,272704.21
Phuket,2023-Q1,2023,1,20.45775106265629,9.599065359242923,103.76392155562921,18102.0,5.0,True,Southern,1,430000,165343,786,17037.46,544858.1
Prachin Buri,2023-Q1,2023,1,71.67820626498823,46.19265619333723,87.7152512562814,597.0,4.0,False,Eastern,1,501000,490499,100,50542.56,1616351.17
Prachuap Khiri Khan,2023-Q1,2023,1,103.31910213225297,98.06014285811241,63.985850000000006,20.0,1.0,False,Western,2,552000,192326,87,19817.88,633775.72
Ranong,2023-Q1,2023,1,16.46812960536011,8.961750762343105,99.43983333333333,126.0,1.0,False,Southern,3,193000,105256,59,10845.91,346852.2
Ratchaburi,2023-Q1,2023,1,81.76216321052893,48.375702855905615,81.76403587443947,223.0,2.0,False,Western,2,864000,221383,167,22812.0,729527.83
Rayong,2023-Q1,2023,1,105.51339262477526,78.12361901872688,67.15001227482863,6273.0,5.0,True,Eastern,1,782000,955119,213,98418.47,3147422.75
Roi Et,2023-Q1,2023,1,50.8136253278839,32.3186622267902,89.73052307692306,195.0,3.0,False,Northeastern,4,1276000,78688,162,8108.26,259302.14
Sa Kaeo,2023-Q1,2023,1,83.5361926973385,46.21372995640801,115.84176190476191,84.0,2.0,False,Eastern,4,562000,73744,80,7598.81,243010.08
Sakon Nakhon,2023-Q1,2023,1,6.111004515737312,3.6074710249352653,98.12181395348837,129.0,1.0,False,Northeastern,4,1138000,72117,118,7431.16,237648.59
Samut Prakan,2023-Q1,2023,1,23.942102709391595,11.88696859170711,104.34880240457913,74774.0,8.0,True,Bangkok & Vicinity,1,1381000,283160,1458,29177.7,933102.81
Samut Sakhon,2023-Q1,2023,1,51.837299684226636,50.87565335741453,72.87559487179487,390.0,4.0,False,Bangkok & Vicinity,1,591000,391442,682,40335.42,1289926.65
Samut Songkhram,2023-Q1,2023,1,70.08543264216839,12.442280621365493,94.77049009900989,1818.0,1.0,False,Western,2,187000,160089,452,16496.08,527544.48
Saraburi,2023-Q1,2023,1,54.09983023296228,42.905553482302594,84.04922457627119,472.0,6.0,True,Central,1,639000,323556,182,33340.23,1066220.56
Satun,2023-Q1,2023,1,7.13702431965647,3.649277641795652,130.0334218181818,275.0,1.0,False,Southern,3,325000,113481,108,11693.44,373956.21
Si Sa Ket,2023-Q1,2023,1,47.98305082286923,29.15560227594385,160.0004846153846,390.0,2.0,False,Northeastern,4,1442000,83332,161,8586.79,274605.61
Sing Buri,2023-Q1,2023,1,18.90171340729285,7.855464444037827,52.82836363636363,22.0,1.0,False,Central,3,200000,142428,245,14676.23,469345.84
Songkhla,2023-Q1,2023,1,18.591817319080665,8.113786631762105,88.97758905893845,6142.0,8.0,True,Southern,2,1431000,145123,185,14953.93,478226.73
Suphan Buri,2023-Q1,2023,1,26.229276263720116,11.987740576204004,116.02547235576922,832.0,4.0,False,Western,3,822000,107792,152,11107.23,355209.13
Surat Thani,2023-Q1,2023,1,34.60140495290277,19.15962350485879,83.61163392857142,4256.0,6.0,True,Southern,2,1077000,154835,81,15954.69,510230.87
Surin,2023-Q1,2023,1,9.595765656157091,6.124780989034079,138.8346009538951,629.0,5.0,True,Northeastern,4,1360000,81675,153,8416.05,269145.26
Trang,2023-Q1,2023,1,7.478831029611421,4.164579217515069,165.01561523809522,525.0,3.0,False,Southern,3,635000,109656,134,11299.3,361351.61
Ubon Ratchathani,2023-Q1,2023,1,57.39443963208332,36.7500576043615,97.18977344573236,949.0,5.0,True,Northeastern,4,1868000,78275,119,8065.7,257941.17
Udon Thani,2023-Q1,2023,1,34.529201083552564,25.823459185751474,108.45837086368365,4805.0,4.0,False,Northeastern,4,1552000,90818,140,9358.17,299274.37
Uthai Thani,2023-Q1,2023,1,15.164064235798802,3.7006676198036903,207.18428571428572,7.0,1.0,False,Northern,3,320000,101640,48,10473.31,334936.33
Yala,2023-Q1,2023,1,16.005880753224698,6.49330906764117,71.78687768496421,5028.0,2.0,False,Southern,4,553000,105453,124,10866.21,347501.38
Yasothon,2023-Q1,2023,1,30.92760853137349,33.9999904274516,169.29501851851853,54.0,2.0,False,Northeastern,4,525000,70327,127,7246.72,231749.97
Ang Thong,2023-Q2,2023,2,16.83896827633404,5.360009324011434,126.53564940828403,676.0,1.0,False,Central,3,269000,142287,283,14661.7,468881.2
Bangkok Metropolis,2023-Q2,2023,2,23.54375061642643,12.117977786704282,84.52697092949693,924683.0,42.0,True,Bangkok & Vicinity,1,5456000,593927,3488,61200.11,1957179.52
Bueng Kan,2023-Q2,2023,2,82.31511236488379,39.46010104641086,136.44733333333332,12.0,1.0,False,Northeastern,4,419000,80159,105,8259.84,264149.56
Buri Ram,2023-Q2,2023,2,49.75027571950821,49.36436077211492,94.95567924528302,53.0,3.0,False,Northeastern,4,1566000,80684,155,8313.93,265879.6
Chachoengsao,2023-Q2,2023,2,51.226411434499546,39.962804719432086,70.40736363636364,308.0,2.0,False,Eastern,2,733000,400385,142,41256.93,1319396.7
Chanthaburi,2023-Q2,2023,2,6.497561236045342,3.318853250995095,120.44752380952382,21.0,1.0,False,Eastern,2,536000,243317,83,25072.15,801807.38
Chiang Mai,2023-Q2,2023,2,27.748469864842132,21.013493689512256,129.77785582090502,31447.0,6.0,True,Northern,2,1799000,133306,79,13736.27,439285.93
Chiang Rai,2023-Q2,2023,2,88.12224226364539,31.890712805091518,94.67107692307694,13.0,2.0,False,Northern,3,1298000,90203,112,9294.8,297247.75
Chon Buri,2023-Q2,2023,2,91.79592451351384,58.92036819019147,69.09872400513478,7011.0,8.0,True,Eastern,1,1636000,524002,363,53994.82,1726754.27
Chumphon,2023-Q2,2023,2,8.575793420549353,5.405744591255912,121.17861240310077,387.0,2.0,False,Southern,2,508000,259853,84,26776.07,856298.79
Kalasin,2023-Q2,2023,2,23.314094890427754,17.733804027223936,87.37440476190476,168.0,2.0,False,Northeastern,4,962000,77397,139,7975.23,255047.88
Kamphaeng Phet,2023-Q2,2023,2,101.33872891477206,81.80100956760386,76.86275555555555,45.0,2.0,False,Northern,3,701000,141987,82,14630.79,467892.6
Kanchanaburi,2023-Q2,2023,2,24.20079893461387,5.6794162548984,62.185636363636355,209.0,3.0,False,Western,3,896000,127365,46,13124.09,419708.43
Khon Kaen,2023-Q2,2023,2,55.517356457669486,47.542067823802455,102.90413747362074,3317.0,3.0,False,Northeastern,3,1772000,124489,166,12827.74,410231.09
Krabi,2023-Q2,2023,2,76.56171791396099,74.2021314551114,77.87375070028011,714.0,1.0,False,Southern,2,484000,168552,91,17368.13,555432.78
Lampang,2023-Q2,2023,2,73.34173900146794,67.5416796566444,90.32563157894737,57.0,3.0,False,Northern,3,704000,104754,56,10794.18,345197.95
Lamphun,2023-Q2,2023,2,37.28511807910539,26.243605741594386,57.1624347826087,69.0,1.0,False,Northern,2,397000,226464,89,23335.56,746271.35
Loei,2023-Q2,2023,2,51.17740144123796,40.39791449999877,70.34419718309859,71.0,2.0,False,Northeastern,4,632000,105205,60,10840.65,346684.14
Lop Buri,2023-Q2,2023,2,21.012286515691304,12.589714905969863,137.6833342857143,350.0,3.0,False,Central,3,725000,142287,111,14661.7,468881.2
Maha Sarakham,2023-Q2,2023,2,26.62699699779206,17.27617123616488,95.60996153846153,78.0,1.0,False,Northeastern,4,930000,85228,165,8782.16,280853.53
Mukdahan,2023-Q2,2023,2,23.050109635019954,7.209084097445477,125.18260463320463,1295.0,2.0,False,Northeastern,4,351000,67203,85,6924.81,221455.39
Nakhon Nayok,2023-Q2,2023,2,50.78692033171154,41.32878394472056,91.21707142857143,42.0,3.0,False,Eastern,3,260000,115666,121,11918.59,381156.48
Nakhon Pathom,2023-Q2,2023,2,84.87354038796197,63.019616517104744,74.84860958904109,730.0,4.0,False,Bangkok & Vicinity,2,926000,297901,432,30696.66,981679.12
Nakhon Ratchasima,2023-Q2,2023,2,54.52917141513929,37.077554665367735,85.9541590950892,5437.0,7.0,True,Northeastern,3,2620000,126119,126,12995.7,415602.46
Nakhon Sawan,2023-Q2,2023,2,19.422527611620765,11.866423191203825,135.41636351441986,1491.0,2.0,False,Northern,3,1014000,119856,106,12350.34,394963.87
Nakhon Si Thammarat,2023-Q2,2023,2,58.82858826737411,61.934356684152185,98.55556607929515,454.0,4.0,False,Southern,3,1535000,122494,154,12622.17,403656.93
Nan,2023-Q2,2023,2,26.49105168535617,16.95177753938773,113.67670454545456,308.0,2.0,False,Northern,4,471000,81233,39,8370.5,267688.73
Narathiwat,2023-Q2,2023,2,63.59369628174504,11.965492141772135,109.08223529411765,17.0,2.0,False,Southern,4,824000,61787,183,6366.73,203607.94
Nong Khai,2023-Q2,2023,2,10.245920556370036,5.982827973905176,85.00280000000001,50.0,1.0,False,Northeastern,4,512000,97617,156,10058.76,321679.25
Nonthaburi,2023-Q2,2023,2,28.75665171475058,17.05026684449364,88.31968991078456,15244.0,7.0,True,Bangkok & Vicinity,1,1318000,193641,2069,19953.38,638109.06
Pathum Thani,2023-Q2,2023,2,75.04349927862269,52.173128800662646,63.03435701906414,1154.0,5.0,True,Bangkok & Vicinity,1,1236000,230401,813,23741.25,759245.02
Pattani,2023-Q2,2023,2,13.039639430968055,7.0249894874698455,66.99844591611479,1359.0,2.0,False,Southern,4,741000,78131,375,8050.86,257466.65
Phatthalung,2023-Q2,2023,2,6.989950986225033,4.687421897813801,100.79688888888889,18.0,1.0,False,Southern,3,519000,81529,135,8401.01,268664.14
Phayao,2023-Q2,2023,2,38.26395474815098,61.81640348895873,92.27884732824428,262.0,2.0,False,Northern,3,455000,96550,74,9948.82,318163.15
Phetchabun,2023-Q2,2023,2,21.881162510525108,12.746101600487087,130.49898409331917,943.0,4.0,False,Northern,3,961000,88485,75,9117.77,291586.39
Phetchaburi,2023-Q2,2023,2,28.767988945488387,21.43727941715353,67.17897095435684,241.0,1.0,False,Western,3,484100,144370,76,14876.34,475745.35
Phichit,2023-Q2,2023,2,13.983701476554451,6.3828908543667975,134.36593756727663,1858.0,2.0,False,Northern,3,517000,93950,120,9680.9,309595.31
Phitsanulok,2023-Q2,2023,2,64.01318702205484,54.929164568208044,85.75077791116449,3332.0,2.0,False,Northern,3,839000,113013,78,11645.22,372414.0
Phra Nakhon Si Ayutthaya,2023-Q2,2023,2,38.22853846798747,25.034220555266643,92.99141408450704,1065.0,7.0,True,Central,1,823000,468579,323,48283.86,1544117.75
Phrae,2023-Q2,2023,2,15.411682269396449,8.34489032974337,127.6593761904762,210.0,2.0,False,Northern,3,422000,82755,65,8527.34,272704.21
Phuket,2023-Q2,2023,2,28.052902229671545,13.748373109993686,74.15880888310184,6912.0,4.0,False,Southern,1,430000,165343,786,17037.46,544858.1
Prachin Buri,2023-Q2,2023,2,37.80844263139707,19.949996751791893,114.44301369863014,292.0,3.0,False,Eastern,1,501000,490499,100,50542.56,1616351.17
Ranong,2023-Q2,2023,2,17.507093843099167,8.695321837935643,103.75483183183182,333.0,2.0,False,Southern,3,193000,105256,59,10845.91,346852.2
Ratchaburi,2023-Q2,2023,2,52.12951935660873,25.866148853203036,86.23384530386741,362.0,3.0,False,Western,2,864000,221383,167,22812.0,729527.83
Rayong,2023-Q2,2023,2,107.47958245694171,77.82769041480739,69.20266041861917,3201.0,6.0,True,Eastern,1,782000,955119,213,98418.47,3147422.75
Roi Et,2023-Q2,2023,2,18.32092155559219,6.506569506053011,123.99033348498637,2198.0,5.0,True,Northeastern,4,1276000,78688,162,8108.26,259302.14
Sa Kaeo,2023-Q2,2023,2,69.52493466444564,40.201847406552545,100.0793367346939,98.0,2.0,False,Eastern,4,562000,73744,80,7598.81,243010.08
Sakon Nakhon,2023-Q2,2023,2,10.192959561350353,4.633375995725977,94.35225456621004,876.0,3.0,False,Northeastern,4,1138000,72117,118,7431.16,237648.59
Samut Prakan,2023-Q2,2023,2,28.023963843274572,12.576306182023087,96.07813309563088,56373.0,9.0,True,Bangkok & Vicinity,1,1381000,283160,1458,29177.7,933102.81
Samut Sakhon,2023-Q2,2023,2,32.22422207470018,20.05883365698,85.09320844686647,734.0,3.0,False,Bangkok & Vicinity,1,591000,391442,682,40335.42,1289926.65
Samut Songkhram,2023-Q2,2023,2,7.4295643151359645,5.688278825895483,85.93871428571428,7.0,2.0,False,Western,2,187000,160089,452,16496.08,527544.48
Saraburi,2023-Q2,2023,2,70.0647316132696,60.323848744320415,89.48233,300.0,4.0,False,Central,1,639000,323556,182,33340.23,1066220.56
Satun,2023-Q2,2023,2,11.020465938729362,3.2180427682968946,144.14285714285714,7.0,1.0,False,Southern,3,325000,113481,108,11693.44,373956.21
Si Sa Ket,2023-Q2,2023,2,27.61646204336747,25.393744637834708,117.09120121951221,164.0,2.0,False,Northeastern,4,1442000,83332,161,8586.79,274605.61
Sing Buri,2023-Q2,2023,2,17.518972246670966,,110.086,3.0,1.0,False,Central,3,200000,142428,245,14676.23,469345.84
Songkhla,2023-Q2,2023,2,18.166198462271623,8.519370231888129,104.43736776097381,2711.0,6.0,True,Southern,2,1431000,145123,185,14953.93,478226.73
Sukhothai,2023-Q2,2023,2,14.493546168879321,7.414072501642081,148.15547854984894,1655.0,4.0,False,Northern,3,573000,80170,86,8260.97,264185.8
Suphan Buri,2023-Q2,2023,2,49.01957527365581,41.6130297542195,75.96739880952381,168.0,2.0,False,Western,3,822000,107792,152,11107.23,355209.13
Surat Thani,2023-Q2,2023,2,26.528984872101162,11.866680332689452,82.15798236028724,6406.0,7.0,True,Southern,2,1077000,154835,81,15954.69,510230.87
Surin,2023-Q2,2023,2,12.932483104690665,7.7727491498366215,97.56857737459978,937.0,3.0,False,Northeastern,4,1360000,81675,153,8416.05,269145.26
Tak,2023-Q2,2023,2,33.957762036493506,21.341776625783073,67.34554545454544,11.0,1.0,False,Northern,3,699000,114952,40,11845.02,378803.63
Trang,2023-Q2,2023,2,17.26968093680485,8.034048181074898,72.43867298578199,2321.0,3.0,False,Southern,3,635000,109656,134,11299.3,361351.61
Ubon Ratchathani,2023-Q2,2023,2,64.87417360353659,55.21079735065889,76.89564779874215,318.0,4.0,False,Northeastern,4,1868000,78275,119,8065.7,257941.17
Udon Thani,2023-Q2,2023,2,33.75550856542766,23.695640954795735,94.24503955885879,4171.0,2.0,False,Northeastern,4,1552000,90818,140,9358.17,299274.37
Uthai Thani,2023-Q2,2023,2,14.970608606631517,7.872884934404939,142.79024035281148,907.0,1.0,False,Northern,3,320000,101640,48,10473.31,334936.33
Uttaradit,2023-Q2,2023,2,75.1534723158119,38.65463005550595,68.03928571428571,7.0,1.0,False,Northern,3,436000,103567,55,10671.87,341286.41
Yala,2023-Q2,2023,2,14.386769212035775,6.474326114809234,83.09843653376728,2458.0,1.0,False,Southern,4,553000,105453,124,10866.21,347501.38
Yasothon,2023-Q2,2023,2,43.62603819305047,23.243487444024158,83.99056451612903,62.0,2.0,False,Northeastern,4,525000,70327,127,7246.72,231749.97
Ang Thong,2023-Q3,2023,3,22.172751325542258,7.754658484044449,127.57086805555554,1152.0,1.0,False,Central,3,269000,142287,283,14661.7,468881.2
Bangkok Metropolis,2023-Q3,2023,3,23.394930975776617,11.017598326908322,72.7303413822908,1302736.0,36.0,True,Bangkok & Vicinity,1,5456000,593927,3488,61200.11,1957179.52
Buri Ram,2023-Q3,2023,3,64.06968665130398,84.45591801395584,74.56512621359224,103.0,4.0,False,Northeastern,4,1566000,80684,155,8313.93,265879.6
Chachoengsao,2023-Q3,2023,3,80.3444497663834,46.214912300599345,61.63134023668639,338.0,4.0,False,Eastern,2,733000,400385,142,41256.93,1319396.7
Chaiyaphum,2023-Q3,2023,3,47.54266570172357,54.79614090586894,107.43958333333335,48.0,2.0,False,Northeastern,4,1106000,73134,88,7535.96,240999.93
Chanthaburi,2023-Q3,2023,3,21.38875571752529,8.154588916918629,63.137134920634914,126.0,2.0,False,Eastern,2,536000,243317,83,25072.15,801807.38
Chiang Mai,2023-Q3,2023,3,38.57504431283636,27.666704698826795,113.37977008167474,25222.0,5.0,True,Northern,2,1799000,133306,79,13736.27,439285.93
Chiang Rai,2023-Q3,2023,3,23.174159443057153,18.94576394343099,74.99145,40.0,2.0,False,Northern,3,1298000,90203,112,9294.8,297247.75
Chon Buri,2023-Q3,2023,3,75.9446376243473,53.20500348883855,88.48195554104588,16847.0,8.0,True,Eastern,1,1636000,524002,363,53994.82,1726754.27
Chumphon,2023-Q3,2023,3,16.30853028047216,3.5211880759443295,143.7520981139647,4984.0,3.0,False,Southern,2,508000,259853,84,26776.07,856298.79
Kalasin,2023-Q3,2023,3,61.81895457119569,40.577108189680175,95.94026923076923,26.0,2.0,False,Northeastern,4,962000,77397,139,7975.23,255047.88
Kamphaeng Phet,2023-Q3,2023,3,19.736478648151913,9.589971387678663,125.55802999062793,1067.0,2.0,False,Northern,3,701000,141987,82,14630.79,467892.6
Kanchanaburi,2023-Q3,2023,3,47.37563647537305,22.294305449342538,61.610879245283016,265.0,3.0,False,Western,3,896000,127365,46,13124.09,419708.43
Khon Kaen,2023-Q3,2023,3,74.79345377258238,56.480374563950384,87.35801634615385,4160.0,4.0,False,Northeastern,3,1772000,124489,166,12827.74,410231.09
Krabi,2023-Q3,2023,3,18.164451788418635,6.2331277537725995,45.51067204301076,558.0,3.0,False,Southern,2,484000,168552,91,17368.13,555432.78
Lampang,2023-Q3,2023,3,111.76636236755611,28.656442152162843,64.23987037037037,54.0,2.0,False,Northern,3,704000,104754,56,10794.18,345197.95
Lamphun,2023-Q3,2023,3,25.597692012997058,22.824965870867455,52.3039125,80.0,1.0,False,Northern,2,397000,226464,89,23335.56,746271.35
Loei,2023-Q3,2023,3,32.35584197043359,35.345716362156764,47.688,20.0,1.0,False,Northeastern,4,632000,105205,60,10840.65,346684.14
Lop Buri,2023-Q3,2023,3,94.32961321023386,57.912954745454016,64.6352302631579,152.0,1.0,False,Central,3,725000,142287,111,14661.7,468881.2
Maha Sarakham,2023-Q3,2023,3,37.432667042311394,32.225678605284486,90.85749767441861,215.0,3.0,False,Northeastern,4,930000,85228,165,8782.16,280853.53
Mukdahan,2023-Q3,2023,3,22.00315859861449,5.741407927795109,122.79223529411763,102.0,1.0,False,Northeastern,4,351000,67203,85,6924.81,221455.39
Nakhon Nayok,2023-Q3,2023,3,105.1502697384684,85.19680583037427,58.26942857142858,168.0,3.0,False,Eastern,3,260000,115666,121,11918.59,381156.48
Nakhon Pathom,2023-Q3,2023,3,71.61429932880189,48.393328183917994,82.14324225352111,1065.0,4.0,False,Bangkok & Vicinity,2,926000,297901,432,30696.66,981679.12
Nakhon Ratchasima,2023-Q3,2023,3,52.05276230696677,36.40378165189766,82.01748184682833,7299.0,5.0,True,Northeastern,3,2620000,126119,126,12995.7,415602.46
Nakhon Sawan,2023-Q3,2023,3,38.73612971625433,25.690487112357566,111.62621743625085,2902.0,2.0,False,Northern,3,1014000,119856,106,12350.34,394963.87
Nakhon Si Thammarat,2023-Q3,2023,3,12.998007600375002,3.1969873578575223,147.20109811320754,530.0,1.0,False,Southern,3,1535000,122494,154,12622.17,403656.93
Narathiwat,2023-Q3,2023,3,21.000764317364425,3.033409228188322,141.15147878787877,165.0,2.0,False,Southern,4,824000,61787,183,6366.73,203607.94
Nong Bua Lam Phu,2023-Q3,2023,3,13.10328001284002,3.749677976637402,68.45970588235295,34.0,1.0,False,Northeastern,4,504000,63568,123,6550.25,209476.9
Nonthaburi,2023-Q3,2023,3,32.225184897761714,18.967795663886527,76.25596046322264,11053.0,8.0,True,Bangkok & Vicinity,1,1318000,193641,2069,19953.38,638109.06
Pathum Thani,2023-Q3,2023,3,33.155985691700906,18.806807706386866,107.73549676225717,6486.0,6.0,True,Bangkok & Vicinity,1,1236000,230401,813,23741.25,759245.02
Pattani,2023-Q3,2023,3,18.270480074865638,6.637438146815762,104.20306324110672,253.0,2.0,False,Southern,4,741000,78131,375,8050.86,257466.65
Phatthalung,2023-Q3,2023,3,21.4866854937901,7.602537855876985,66.2482380952381,3066.0,3.0,False,Southern,3,519000,81529,135,8401.01,268664.14
Phayao,2023-Q3,2023,3,27.063658571407426,20.69236357577017,115.87833850493652,2127.0,2.0,False,Northern,3,455000,96550,74,9948.82,318163.15
Phetchabun,2023-Q3,2023,3,25.549630018350495,16.37094792594136,85.46288405797102,69.0,1.0,False,Northern,3,961000,88485,75,9117.77,291586.39
Phetchaburi,2023-Q3,2023,3,57.09554866827838,35.117927421680086,50.35475675675675,185.0,2.0,False,Western,3,484100,144370,76,14876.34,475745.35
Phichit,2023-Q3,2023,3,16.78092459713184,7.863963546130767,130.6137556615018,839.0,2.0,False,Northern,3,517000,93950,120,9680.9,309595.31
Phitsanulok,2023-Q3,2023,3,42.460045699752335,32.30347376744617,106.04717150395778,2653.0,2.0,False,Northern,3,839000,113013,78,11645.22,372414.0
Phra Nakhon Si Ayutthaya,2023-Q3,2023,3,26.798814081878543,15.88875415812055,67.67324778237729,1691.0,5.0,True,Central,1,823000,468579,323,48283.86,1544117.75
Phrae,2023-Q3,2023,3,11.647814215533142,7.247670248981306,127.27143776824036,233.0,2.0,False,Northern,3,422000,82755,65,8527.34,272704.21
Phuket,2023-Q3,2023,3,31.961952076990844,17.93229088102436,77.22934752616557,4204.0,4.0,False,Southern,1,430000,165343,786,17037.46,544858.1
Prachin Buri,2023-Q3,2023,3,62.75730811673465,35.10127886404589,74.44864502164504,231.0,5.0,True,Eastern,1,501000,490499,100,50542.56,1616351.17
Prachuap Khiri Khan,2023-Q3,2023,3,10.855051711626903,4.387985995840199,74.4976,95.0,1.0,False,Western,2,552000,192326,87,19817.88,633775.72
Ratchaburi,2023-Q3,2023,3,48.77613809072314,28.031132393717254,66.78576615384615,650.0,2.0,False,Western,2,864000,221383,167,22812.0,729527.83
Rayong,2023-Q3,2023,3,85.20187175262876,57.658482761582526,59.50455360281197,1138.0,4.0,False,Eastern,1,782000,955119,213,98418.47,3147422.75
Roi Et,2023-Q3,2023,3,35.49882815090549,11.394747428185113,74.00997520661156,121.0,2.0,False,Northeastern,4,1276000,78688,162,8108.26,259302.14
Sa Kaeo,2023-Q3,2023,3,91.4092631958577,43.80285547062507,56.66193617021276,47.0,1.0,False,Eastern,4,562000,73744,80,7598.81,243010.08
Sakon Nakhon,2023-Q3,2023,3,13.354739128765654,8.157148687778896,95.81187669376695,738.0,2.0,False,Northeastern,4,1138000,72117,118,7431.16,237648.59
Samut Prakan,2023-Q3,2023,3,45.39520069615225,30.312072644283674,77.28483440565343,9481.0,8.0,True,Bangkok & Vicinity,1,1381000,283160,1458,29177.7,933102.81
Samut Sakhon,2023-Q3,2023,3,29.0801791731019,21.146988617443288,102.80630772442589,2395.0,2.0,False,Bangkok & Vicinity,1,591000,391442,682,40335.42,1289926.65
Samut Songkhram,2023-Q3,2023,3,9.845823672359328,2.2505966404469984,87.31400000000001,6.0,1.0,False,Western,2,187000,160089,452,16496.08,527544.48
Saraburi,2023-Q3,2023,3,69.69770982360834,51.279275233591186,59.503774193548395,465.0,5.0,True,Central,1,639000,323556,182,33340.23,1066220.56
Satun,2023-Q3,2023,3,17.482965951040395,3.301264590897556,167.08893818681318,1456.0,1.0,False,Southern,3,325000,113481,108,11693.44,373956.21
Si Sa Ket,2023-Q3,2023,3,25.294737606677533,13.395807647760813,115.16847040498442,321.0,5.0,True,Northeastern,4,1442000,83332,161,8586.79,274605.61
Sing Buri,2023-Q3,2023,3,12.421500333622623,4.4581482404944195,80.0748918918919,37.0,1.0,False,Central,3,200000,142428,245,14676.23,469345.84
Songkhla,2023-Q3,2023,3,20.113657709233525,7.450448178433462,93.22524560424225,7166.0,4.0,False,Southern,2,1431000,145123,185,14953.93,478226.73
Sukhothai,2023-Q3,2023,3,15.75955257412726,5.2496740461030615,27.5182,10.0,1.0,False,Northern,3,573000,80170,86,8260.97,264185.8
Suphan Buri,2023-Q3,2023,3,32.632824800009715,18.663932617458936,85.52436065573771,305.0,4.0,False,Western,3,822000,107792,152,11107.23,355209.13
Surat Thani,2023-Q3,2023,3,25.256019658969297,12.32400264468765,61.52251202725251,14384.0,5.0,True,Southern,2,1077000,154835,81,15954.69,510230.87
Surin,2023-Q3,2023,3,40.783389755815016,30.888172489216704,90.06687743026205,1183.0,3.0,False,Northeastern,4,1360000,81675,153,8416.05,269145.26
Trang,2023-Q3,2023,3,21.63022147996937,8.310032456853191,54.82470146656724,4023.0,2.0,False,Southern,3,635000,109656,134,11299.3,361351.61
Ubon Ratchathani,2023-Q3,2023,3,39.30007789183904,31.108239552736894,96.59788702290076,1965.0,3.0,False,Northeastern,4,1868000,78275,119,8065.7,257941.17
Udon Thani,2023-Q3,2023,3,32.4894771595113,19.999289932582805,95.05354387037603,6542.0,2.0,False,Northeastern,4,1552000,90818,140,9358.17,299274.37
Uthai Thani,2023-Q3,2023,3,16.85736398434043,8.50008089850892,128.32990662950428,5023.0,1.0,False,Northern,3,320000,101640,48,10473.31,334936.33
Uttaradit,2023-Q3,2023,3,73.56620290443652,53.19732282651846,76.90907462686566,67.0,2.0,False,Northern,3,436000,103567,55,10671.87,341286.41
Yala,2023-Q3,2023,3,20.09416057870783,6.701936652743337,88.23319479553903,1345.0,1.0,False,Southern,4,553000,105453,124,10866.21,347501.38
Yasothon,2023-Q3,2023,3,20.4866232276976,21.57756563371738,110.02208571428572,70.0,1.0,False,Northeastern,4,525000,70327,127,7246.72,231749.97
Ang Thong,2023-Q4,2023,4,23.26793500973322,5.9438406699251685,119.88297555012225,409.0,2.0,False,Central,3,269000,142287,283,14661.7,468881.2
Bangkok Metropolis,2023-Q4,2023,4,22.958607900919265,10.388509311779918,63.52207352852854,1665000.0,30.0,True,Bangkok & Vicinity,1,5456000,593927,3488,61200.11,1957179.52
Buri Ram,2023-Q4,2023,4,41.690504096078946,29.072145355381053,102.97150947368422,475.0,8.0,True,Northeastern,4,1566000,80684,155,8313.93,265879.6
Chachoengsao,2023-Q4,2023,4,36.99636919007757,18.501741394275047,99.71062436548222,1182.0,4.0,False,Eastern,2,733000,400385,142,41256.93,1319396.7
Chaiyaphum,2023-Q4,2023,4,48.409850630174105,58.24190738906997,64.97429104477612,134.0,2.0,False,Northeastern,4,1106000,73134,88,7535.96,240999.93
Chanthaburi,2023-Q4,2023,4,40.40700763087349,15.137621255484298,41.60126470588235,34.0,3.0,False,Eastern,2,536000,243317,83,25072.15,801807.38
Chiang Mai,2023-Q4,2023,4,38.59187086149127,24.96932645971289,125.95076830543935,34416.0,9.0,True,Northern,2,1799000,133306,79,13736.27,439285.93
Chiang Rai,2023-Q4,2023,4,28.576725128775525,9.19307745369953,101.54979858299596,988.0,4.0,False,Northern,3,1298000,90203,112,9294.8,297247.75
Chon Buri,2023-Q4,2023,4,86.64104651979356,60.22623664633169,79.66569951797433,17219.0,13.0,True,Eastern,1,1636000,524002,363,53994.82,1726754.27
Chumphon,2023-Q4,2023,4,15.584077873555056,3.968255678803761,165.07825220176142,2498.0,3.0,False,Southern,2,508000,259853,84,26776.07,856298.79
Kalasin,2023-Q4,2023,4,10.588985508824281,4.881681207957238,95.46489644012945,309.0,3.0,False,Northeastern,4,962000,77397,139,7975.23,255047.88
Kamphaeng Phet,2023-Q4,2023,4,226.46111370185207,157.87567052461515,68.932,4.0,1.0,False,Northern,3,701000,141987,82,14630.79,467892.6
Kanchanaburi,2023-Q4,2023,4,128.00279599251127,65.88539192143942,42.07117346938776,196.0,4.0,False,Western,3,896000,127365,46,13124.09,419708.43
Khon Kaen,2023-Q4,2023,4,57.187513933077355,44.38346983105351,111.82625627563577,6095.0,6.0,True,Northeastern,3,1772000,124489,166,12827.74,410231.09
Krabi,2023-Q4,2023,4,19.55047763699261,7.390015486016302,44.44641628959276,2210.0,3.0,False,Southern,2,484000,168552,91,17368.13,555432.78
Lampang,2023-Q4,2023,4,68.5926791137093,36.493672742519465,124.4964034334764,233.0,2.0,False,Northern,3,704000,104754,56,10794.18,345197.95
Lamphun,2023-Q4,2023,4,26.192768540999737,16.90550730906024,52.842015267175576,131.0,3.0,False,Northern,2,397000,226464,89,23335.56,746271.35
Loei,2023-Q4,2023,4,22.719323868615113,20.07404812308132,100.04369230769231,39.0,2.0,False,Northeastern,4,632000,105205,60,10840.65,346684.14
Lop Buri,2023-Q4,2023,4,218.8548111719201,34.08378891178368,54.28889743589745,39.0,2.0,False,Central,3,725000,142287,111,14661.7,468881.2
Maha Sarakham,2023-Q4,2023,4,25.723933565816438,15.208578798314141,64.26674545454546,165.0,3.0,False,Northeastern,4,930000,85228,165,8782.16,280853.53
Mukdahan,2023-Q4,2023,4,7.84836826782154,1.8205789167635937,198.97480000000002,5.0,1.0,False,Northeastern,4,351000,67203,85,6924.81,221455.39
Nakhon Nayok,2023-Q4,2023,4,100.65611910593483,1.43751894780241,51.66420000000001,10.0,1.0,False,Eastern,3,260000,115666,121,11918.59,381156.48
Nakhon Pathom,2023-Q4,2023,4,44.93275718638119,25.36803618657211,54.22726547455296,727.0,4.0,False,Bangkok & Vicinity,2,926000,297901,432,30696.66,981679.12
Nakhon Ratchasima,2023-Q4,2023,4,55.60039375521068,39.58913146486791,95.50531438823937,8639.0,4.0,False,Northeastern,3,2620000,126119,126,12995.7,415602.46
Nakhon Sawan,2023-Q4,2023,4,70.1077794833997,60.66735156553163,123.40941475545729,3619.0,2.0,False,Northern,3,1014000,119856,106,12350.34,394963.87
Nakhon Si Thammarat,2023-Q4,2023,4,2.996720455045174,4.17934917636352,118.38199999999999,19.0,2.0,False,Southern,3,1535000,122494,154,12622.17,403656.93
Narathiwat,2023-Q4,2023,4,11.881262654075838,3.2506633707805026,199.95474603174603,63.0,1.0,False,Southern,4,824000,61787,183,6366.73,203607.94
Nong Bua Lam Phu,2023-Q4,2023,4,18.52595807798911,5.682107841194891,176.63567854828258,1543.0,1.0,False,Northeastern,4,504000,63568,123,6550.25,209476.9
Nong Khai,2023-Q4,2023,4,7.4179050678295635,4.215022287660306,93.89348333333334,60.0,1.0,False,Northeastern,4,512000,97617,156,10058.76,321679.25
Nonthaburi,2023-Q4,2023,4,25.019767236124693,11.452956944205557,82.30374444907746,57558.0,8.0,True,Bangkok & Vicinity,1,1318000,193641,2069,19953.38,638109.06
Pathum Thani,2023-Q4,2023,4,19.53173938812104,13.591492767033692,107.2299382279059,8758.0,5.0,True,Bangkok & Vicinity,1,1236000,230401,813,23741.25,759245.02
Pattani,2023-Q4,2023,4,14.837883097095046,2.589452798934387,204.3615564304462,381.0,2.0,False,Southern,4,741000,78131,375,8050.86,257466.65
Phatthalung,2023-Q4,2023,4,17.449255654366247,6.018754727249196,97.68281145584726,838.0,2.0,False,Southern,3,519000,81529,135,8401.01,268664.14
Phayao,2023-Q4,2023,4,17.5325016205037,9.899945839933716,146.94306045751634,2448.0,2.0,False,Northern,3,455000,96550,74,9948.82,318163.15
Phetchabun,2023-Q4,2023,4,13.979634583690464,4.864370634182581,69.64976874999999,320.0,1.0,False,Northern,3,961000,88485,75,9117.77,291586.39
Phetchaburi,2023-Q4,2023,4,59.838407926392186,43.843224697554156,52.004346938775505,98.0,1.0,False,Western,3,484100,144370,76,14876.34,475745.35
Phichit,2023-Q4,2023,4,17.480136041253676,7.189745181140591,73.22859090909091,22.0,1.0,False,Northern,3,517000,93950,120,9680.9,309595.31
Phitsanulok,2023-Q4,2023,4,80.28950664073334,71.24168660463523,97.41422813036021,583.0,2.0,False,Northern,3,839000,113013,78,11645.22,372414.0
Phra Nakhon Si Ayutthaya,2023-Q4,2023,4,61.14005841583231,40.42090878644807,56.230822707423584,1145.0,6.0,True,Central,1,823000,468579,323,48283.86,1544117.75
Phrae,2023-Q4,2023,4,21.540033755772836,9.134351756525298,120.83066666666666,39.0,1.0,False,Northern,3,422000,82755,65,8527.34,272704.21
Phuket,2023-Q4,2023,4,34.02171717765638,15.282962355569278,103.30913612157423,7699.0,4.0,False,Southern,1,430000,165343,786,17037.46,544858.1
Prachin Buri,2023-Q4,2023,4,55.176831612352736,35.678243279380645,38.74411111111111,18.0,1.0,False,Eastern,1,501000,490499,100,50542.56,1616351.17
Ratchaburi,2023-Q4,2023,4,68.52002328937412,56.23390849852394,67.09745288753798,329.0,2.0,False,Western,2,864000,221383,167,22812.0,729527.83
Rayong,2023-Q4,2023,4,119.6000560218343,82.6690562576922,45.20624556213017,1014.0,2.0,False,Eastern,1,782000,955119,213,98418.47,3147422.75
Roi Et,2023-Q4,2023,4,39.94297288260731,45.59323224332521,72.37407499999999,40.0,2.0,False,Northeastern,4,1276000,78688,162,8108.26,259302.14
Sa Kaeo,2023-Q4,2023,4,96.41706706901546,49.69012728488124,31.52192,25.0,2.0,False,Eastern,4,562000,73744,80,7598.81,243010.08
Sakon Nakhon,2023-Q4,2023,4,23.451272113275007,20.545387177543887,101.34161590909092,440.0,5.0,True,Northeastern,4,1138000,72117,118,7431.16,237648.59
Samut Prakan,2023-Q4,2023,4,80.22751701325073,58.00501215741683,71.399757344525,10484.0,8.0,True,Bangkok & Vicinity,1,1381000,283160,1458,29177.7,933102.81
Samut Sakhon,2023-Q4,2023,4,32.0250141949303,19.915051642235046,102.75362321598476,1051.0,3.0,False,Bangkok & Vicinity,1,591000,391442,682,40335.42,1289926.65
Samut Songkhram,2023-Q4,2023,4,7.608206358636477,4.017100233542129,74.84486666666666,15.0,1.0,False,Western,2,187000,160089,452,16496.08,527544.48
Saraburi,2023-Q4,2023,4,116.36524642452596,71.92966007843035,45.188365781710914,339.0,5.0,True,Central,1,639000,323556,182,33340.23,1066220.56
Satun,2023-Q4,2023,4,13.664212216123808,3.3059919574744594,145.7213307086614,762.0,2.0,False,Southern,3,325000,113481,108,11693.44,373956.21
Si Sa Ket,2023-Q4,2023,4,57.469152853010115,55.418940968670306,113.96244547437294,1834.0,6.0,True,Northeastern,4,1442000,83332,161,8586.79,274605.61
Songkhla,2023-Q4,2023,4,25.658548945625885,10.41078136619126,64.67122989927549,5659.0,5.0,True,Southern,2,1431000,145123,185,14953.93,478226.73
Sukhothai,2023-Q4,2023,4,84.0602462428758,71.37613475106919,92.02235897435898,39.0,2.0,False,Northern,3,573000,80170,86,8260.97,264185.8
Suphan Buri,2023-Q4,2023,4,18.33618142487837,5.464089705468755,93.21467310443491,1398.0,7.0,True,Western,3,822000,107792,152,11107.23,355209.13
Surat Thani,2023-Q4,2023,4,38.27954907246213,15.767487478363059,46.60239239498308,5023.0,8.0,True,Southern,2,1077000,154835,81,15954.69,510230.87
Surin,2023-Q4,2023,4,19.76837028214453,12.846931511572787,104.3973037569944,1251.0,4.0,False,Northeastern,4,1360000,81675,153,8416.05,269145.26
Trang,2023-Q4,2023,4,22.334301492353486,7.957440418517645,70.44796126760563,1988.0,3.0,False,Southern,3,635000,109656,134,11299.3,361351.61
Ubon Ratchathani,2023-Q4,2023,4,31.66098397985621,21.754108931714477,110.34142207792208,1078.0,2.0,False,Northeastern,4,1868000,78275,119,8065.7,257941.17
Udon Thani,2023-Q4,2023,4,43.40167265646207,31.24080566940421,111.1184300245528,5702.0,1.0,False,Northeastern,4,1552000,90818,140,9358.17,299274.37
Uthai Thani,2023-Q4,2023,4,15.597842684991102,6.70938608424446,126.20857115009747,513.0,1.0,False,Northern,3,320000,101640,48,10473.31,334936.33
Yala,2023-Q4,2023,4,18.634509629943214,9.305765080491625,86.55512466124662,369.0,2.0,False,Southern,4,553000,105453,124,10866.21,347501.38
Yasothon,2023-Q4,2023,4,64.68218866271843,11.814479040560439,108.27884210526315,19.0,3.0,False,Northeastern,4,525000,70327,127,7246.72,231749.97
Bangkok Metropolis,2024-Q1,2024,1,25.81121339584469,11.746261666339137,53.55975150789213,1713982.0,28.0,True,Bangkok & Vicinity,1,5456000,593927,3488,61200.11,1957179.52
Buri Ram,2024-Q1,2024,1,46.09763851445228,40.38483779111737,39.73964285714286,168.0,4.0,False,Northeastern,4,1566000,80684,155,8313.93,265879.6
Chachoengsao,2024-Q1,2024,1,98.46665363447195,68.49789555802374,48.863299516908214,1035.0,4.0,False,Eastern,2,733000,400385,142,41256.93,1319396.7
Chai Nat,2024-Q1,2024,1,74.33467737902744,,70.04933333333334,3.0,1.0,False,Central,3,314000,135667,131,13979.56,447066.18
Chaiyaphum,2024-Q1,2024,1,97.2934950609888,84.47363401970158,47.502,24.0,1.0,False,Northeastern,4,1106000,73134,88,7535.96,240999.93
Chanthaburi,2024-Q1,2024,1,53.18732302646162,35.89797111506881,50.700388489208635,139.0,1.0,False,Eastern,2,536000,243317,83,25072.15,801807.38
Chiang Mai,2024-Q1,2024,1,42.65779936696677,27.822972653077606,100.81646010589739,32862.0,10.0,True,Northern,2,1799000,133306,79,13736.27,439285.93
Chiang Rai,2024-Q1,2024,1,15.987185588311036,3.3883375858641553,61.09638970588236,136.0,2.0,False,Northern,3,1298000,90203,112,9294.8,297247.75
Chon Buri,2024-Q1,2024,1,117.74335951471178,79.38182772316371,41.94027570337831,9561.0,9.0,True,Eastern,1,1636000,524002,363,53994.82,1726754.27
Kalasin,2024-Q1,2024,1,10.443313296473113,9.53666152812355,52.08566666666667,6.0,1.0,False,Northeastern,4,962000,77397,139,7975.23,255047.88
Kanchanaburi,2024-Q1,2024,1,141.41122564114673,91.38481089375085,35.00173913043478,69.0,3.0,False,Western,3,896000,127365,46,13124.09,419708.43
Khon Kaen,2024-Q1,2024,1,82.11729094738565,68.65662486014483,82.2834327582623,4811.0,2.0,False,Northeastern,3,1772000,124489,166,12827.74,410231.09
Krabi,2024-Q1,2024,1,23.931376012389887,10.705826884292527,41.10498202824133,779.0,2.0,False,Southern,2,484000,168552,91,17368.13,555432.78
Lampang,2024-Q1,2024,1,26.85362486726593,12.6010516019541,142.9178995215311,209.0,2.0,False,Northern,3,704000,104754,56,10794.18,345197.95
Lamphun,2024-Q1,2024,1,26.808161743446945,24.952376187569786,44.37932173913043,115.0,2.0,False,Northern,2,397000,226464,89,23335.56,746271.35
Loei,2024-Q1,2024,1,54.99929538201987,78.07759523783321,105.62840909090909,22.0,1.0,False,Northeastern,4,632000,105205,60,10840.65,346684.14
Lop Buri,2024-Q1,2024,1,103.17407223532356,67.0771352217133,33.16280392156863,51.0,1.0,False,Central,3,725000,142287,111,14661.7,468881.2
Maha Sarakham,2024-Q1,2024,1,58.71609334392868,35.45913826324233,83.67293333333333,30.0,2.0,False,Northeastern,4,930000,85228,165,8782.16,280853.53
Nakhon Pathom,2024-Q1,2024,1,63.245717942405506,41.879177282380844,42.90934285714286,1365.0,2.0,False,Bangkok & Vicinity,2,926000,297901,432,30696.66,981679.12
Nakhon Ratchasima,2024-Q1,2024,1,50.86210731279191,35.20179642612281,77.2559287539936,9390.0,3.0,False,Northeastern,3,2620000,126119,126,12995.7,415602.46
Nakhon Sawan,2024-Q1,2024,1,59.2015709985405,43.89654372728852,96.21520843989771,1564.0,1.0,False,Northern,3,1014000,119856,106,12350.34,394963.87
Nakhon Si Thammarat,2024-Q1,2024,1,36.819466558671486,,50.326166666666666,6.0,1.0,False,Southern,3,1535000,122494,154,12622.17,403656.93
Nong Khai,2024-Q1,2024,1,40.90206217451254,54.766520870118775,129.0225,12.0,1.0,False,Northeastern,4,512000,97617,156,10058.76,321679.25
Nonthaburi,2024-Q1,2024,1,27.45874499334399,12.140438793851292,65.2836297646491,37306.0,6.0,True,Bangkok & Vicinity,1,1318000,193641,2069,19953.38,638109.06
Pathum Thani,2024-Q1,2024,1,49.892408536059776,37.808319299609856,66.08561894647409,2354.0,3.0,False,Bangkok & Vicinity,1,1236000,230401,813,23741.25,759245.02
Pattani,2024-Q1,2024,1,25.102965549568392,5.33603412587331,50.74484112149533,107.0,1.0,False,Southern,4,741000,78131,375,8050.86,257466.65
Phayao,2024-Q1,2024,1,68.06842231357724,87.11089509085191,68.68729569892473,372.0,1.0,False,Northern,3,455000,96550,74,9948.82,318163.15
Phetchaburi,2024-Q1,2024,1,58.87102680223298,22.536188987927176,50.5912380952381,378.0,1.0,False,Western,3,484100,144370,76,14876.34,475745.35
Phitsanulok,2024-Q1,2024,1,68.58776227670823,57.4873544738919,66.94439285714284,392.0,3.0,False,Northern,3,839000,113013,78,11645.22,372414.0
Phra Nakhon Si Ayutthaya,2024-Q1,2024,1,117.83778293119154,94.10257083976335,45.435824701195216,251.0,4.0,False,Central,1,823000,468579,323,48283.86,1544117.75
Phuket,2024-Q1,2024,1,30.664591443691155,12.895660493706497,62.272148232293034,25089.0,4.0,False,Southern,1,430000,165343,786,17037.46,544858.1
Prachin Buri,2024-Q1,2024,1,41.045425326190426,16.200816650376613,65.89270744680852,188.0,1.0,False,Eastern,1,501000,490499,100,50542.56,1616351.17
Ratchaburi,2024-Q1,2024,1,81.12296539809233,53.36668987896251,43.97221757322176,239.0,3.0,False,Western,2,864000,221383,167,22812.0,729527.83
Rayong,2024-Q1,2024,1,116.48083181496676,78.60325045359382,39.533871008939975,2349.0,3.0,False,Eastern,1,782000,955119,213,98418.47,3147422.75
Roi Et,2024-Q1,2024,1,15.848736442540172,13.066731628758737,78.01996103896104,77.0,2.0,False,Northeastern,4,1276000,78688,162,8108.26,259302.14
Sakon Nakhon,2024-Q1,2024,1,16.719429097323253,13.492033965693048,79.07682894736843,152.0,4.0,False,Northeastern,4,1138000,72117,118,7431.16,237648.59
Samut Prakan,2024-Q1,2024,1,72.0953153089313,52.85162754313603,51.385037101323505,4609.0,7.0,True,Bangkok & Vicinity,1,1381000,283160,1458,29177.7,933102.81
Samut Sakhon,2024-Q1,2024,1,34.767445212567225,25.19236849825078,56.161864698646994,813.0,3.0,False,Bangkok & Vicinity,1,591000,391442,682,40335.42,1289926.65
Saraburi,2024-Q1,2024,1,27.31383388916429,16.206045774094505,96.75989243027888,1506.0,6.0,True,Central,1,639000,323556,182,33340.23,1066220.56
Si Sa Ket,2024-Q1,2024,1,84.46157096076914,73.54664375076213,79.63047551454932,1409.0,7.0,True,Northeastern,4,1442000,83332,161,8586.79,274605.61
Sing Buri,2024-Q1,2024,1,66.85471303975501,14.318992985714317,37.01255555555556,9.0,1.0,False,Central,3,200000,142428,245,14676.23,469345.84
Songkhla,2024-Q1,2024,1,51.165271954064444,23.3630862925185,38.92860218408737,641.0,3.0,False,Southern,2,1431000,145123,185,14953.93,478226.73
Sukhothai,2024-Q1,2024,1,116.55895555648107,166.78298499112543,64.78750000000001,6.0,1.0,False,Northern,3,573000,80170,86,8260.97,264185.8
Suphan Buri,2024-Q1,2024,1,21.069705345022307,6.339533171384799,76.82282987551866,964.0,5.0,True,Western,3,822000,107792,152,11107.23,355209.13
Surat Thani,2024-Q1,2024,1,51.043830393506326,23.053505698810863,45.00198778103617,2046.0,5.0,True,Southern,2,1077000,154835,81,15954.69,510230.87
Surin,2024-Q1,2024,1,19.40662407865863,11.056351535306913,72.17731233243968,1492.0,1.0,False,Northeastern,4,1360000,81675,153,8416.05,269145.26
Trang,2024-Q1,2024,1,29.303573537928415,9.504828026557762,35.516898601398594,286.0,2.0,False,Southern,3,635000,109656,134,11299.3,361351.61
Ubon Ratchathani,2024-Q1,2024,1,41.466064636598375,27.81186105375048,73.71122646310432,786.0,3.0,False,Northeastern,4,1868000,78275,119,8065.7,257941.17
Udon Thani,2024-Q1,2024,1,52.31855572309857,37.62445280484975,84.3648464354943,4643.0,4.0,False,Northeastern,4,1552000,90818,140,9358.17,299274.37
Uthai Thani,2024-Q1,2024,1,23.67365088012642,10.791997642030738,103.41794017094017,1287.0,2.0,False,Northern,3,320000,101640,48,10473.31,334936.33
Yasothon,2024-Q1,2024,1,52.021366475182155,37.255900988834085,108.74485714285714,35.0,1.0,False,Northeastern,4,525000,70327,127,7246.72,231749.97
Bangkok Metropolis,2024-Q2,2024,2,26.854265536732143,12.072109150287769,69.47033710242833,1815113.0,20.0,True,Bangkok & Vicinity,1,5456000,593927,3488,61200.11,1957179.52
Buri Ram,2024-Q2,2024,2,16.81301684181267,5.922387965062252,30.176977178423236,482.0,1.0,False,Northeastern,4,1566000,80684,155,8313.93,265879.6
Chiang Mai,2024-Q2,2024,2,52.689341006898566,41.48753132660938,108.64443105146515,24366.0,3.0,False,Northern,2,1799000,133306,79,13736.27,439285.93
Chiang Rai,2024-Q2,2024,2,80.06347963032269,43.82736573097576,45.360645962732924,161.0,1.0,False,Northern,3,1298000,90203,112,9294.8,297247.75
Chon Buri,2024-Q2,2024,2,137.58413554209295,104.01442008440412,66.50072592981404,13336.0,3.0,False,Eastern,1,1636000,524002,363,53994.82,1726754.27
Kalasin,2024-Q2,2024,2,41.83340556453668,33.7904603627743,74.86308333333334,24.0,1.0,False,Northeastern,4,962000,77397,139,7975.23,255047.88
Khon Kaen,2024-Q2,2024,2,98.50808723707203,77.77151515480685,107.22706264988008,6672.0,2.0,False,Northeastern,3,1772000,124489,166,12827.74,410231.09
Krabi,2024-Q2,2024,2,41.9158926884046,25.478292114850596,39.862375,16.0,1.0,False,Southern,2,484000,168552,91,17368.13,555432.78
Lampang,2024-Q2,2024,2,54.848093781834564,65.10374288757828,83.09946153846153,208.0,2.0,False,Northern,3,704000,104754,56,10794.18,345197.95
Lamphun,2024-Q2,2024,2,99.04864675204435,101.14195976784045,30.721153846153847,65.0,2.0,False,Northern,2,397000,226464,89,23335.56,746271.35
Loei,2024-Q2,2024,2,111.18883489838998,103.29215407501496,49.48368888888889,45.0,1.0,False,Northeastern,4,632000,105205,60,10840.65,346684.14
Maha Sarakham,2024-Q2,2024,2,61.25961941050589,49.96067369955248,86.29530434782609,207.0,1.0,False,Northeastern,4,930000,85228,165,8782.16,280853.53
Nakhon Pathom,2024-Q2,2024,2,124.67097355893367,91.88820032080993,40.053156126482214,506.0,1.0,False,Bangkok & Vicinity,2,926000,297901,432,30696.66,981679.12
Nakhon Phanom,2024-Q2,2024,2,21.873800930731097,13.183354576952363,27.087666666666667,12.0,1.0,False,Northeastern,4,711000,87122,125,8977.33,287094.87
Nakhon Ratchasima,2024-Q2,2024,2,78.04571165262024,55.14464300338005,78.35965556471558,12130.0,2.0,False,Northeastern,3,2620000,126119,126,12995.7,415602.46
Nonthaburi,2024-Q2,2024,2,44.65211832871653,28.867912028244756,43.66436536358112,24685.0,3.0,False,Bangkok & Vicinity,1,1318000,193641,2069,19953.38,638109.06
Pathum Thani,2024-Q2,2024,2,126.38225176905608,88.34706018437356,48.286768921389395,2735.0,2.0,False,Bangkok & Vicinity,1,1236000,230401,813,23741.25,759245.02
Pattani,2024-Q2,2024,2,12.36337198610843,5.210006760818247,167.53005263157894,38.0,1.0,False,Southern,4,741000,78131,375,8050.86,257466.65
Phayao,2024-Q2,2024,2,55.61971678689378,40.219490501206835,77.18496610169493,59.0,1.0,False,Northern,3,455000,96550,74,9948.82,318163.15
Phitsanulok,2024-Q2,2024,2,75.28869443317541,64.35367147239191,56.1197359375,640.0,1.0,False,Northern,3,839000,113013,78,11645.22,372414.0
Phra Nakhon Si Ayutthaya,2024-Q2,2024,2,105.09763957751696,74.57917184240384,41.943204467353944,582.0,4.0,False,Central,1,823000,468579,323,48283.86,1544117.75
Phuket,2024-Q2,2024,2,46.24791783098218,118.32588708349036,54.278085629504034,4718.0,3.0,False,Southern,1,430000,165343,786,17037.46,544858.1
Ratchaburi,2024-Q2,2024,2,94.70503794087212,96.00072518648454,29.98166666666667,15.0,1.0,False,Western,2,864000,221383,167,22812.0,729527.83
Rayong,2024-Q2,2024,2,200.40023881618063,149.65024911829212,34.6713947368421,76.0,1.0,False,Eastern,1,782000,955119,213,98418.47,3147422.75
Samut Prakan,2024-Q2,2024,2,59.53843534863254,71.58288247144715,71.86266730740796,6763.0,5.0,True,Bangkok & Vicinity,1,1381000,283160,1458,29177.7,933102.81
Samut Sakhon,2024-Q2,2024,2,12.767221906899687,7.552298683759618,90.24381829534812,3203.0,1.0,False,Bangkok & Vicinity,1,591000,391442,682,40335.42,1289926.65
Saraburi,2024-Q2,2024,2,123.15109093518473,78.01248781733726,66.10062420382165,157.0,3.0,False,Central,1,639000,323556,182,33340.23,1066220.56
Si Sa Ket,2024-Q2,2024,2,109.93230161354778,95.8405865026338,75.00202245646196,2182.0,2.0,False,Northeastern,4,1442000,83332,161,8586.79,274605.61
Songkhla,2024-Q2,2024,2,17.521084179669415,8.55549709842628,184.72415056818184,704.0,2.0,False,Southern,2,1431000,145123,185,14953.93,478226.73
Suphan Buri,2024-Q2,2024,2,55.2668347491629,41.915762969603044,129.43613636363636,44.0,1.0,False,Western,3,822000,107792,152,11107.23,355209.13
Surat Thani,2024-Q2,2024,2,34.407887564952446,66.13070519587512,82.02325190839694,2489.0,3.0,False,Southern,2,1077000,154835,81,15954.69,510230.87
Surin,2024-Q2,2024,2,34.384766261903145,20.181442357581222,61.18608108108108,185.0,1.0,False,Northeastern,4,1360000,81675,153,8416.05,269145.26
Ubon Ratchathani,2024-Q2,2024,2,28.915202729885543,22.282238582104377,79.9678733118971,1555.0,2.0,False,Northeastern,4,1868000,78275,119,8065.7,257941.17
Udon Thani,2024-Q2,2024,2,79.86490669424757,60.627305611595446,76.74663686484875,6711.0,3.0,False,Northeastern,4,1552000,90818,140,9358.17,299274.37
Uthai Thani,2024-Q2,2024,2,23.796857914015483,10.639275916725659,161.676765625,128.0,1.0,False,Northern,3,320000,101640,48,10473.31,334936.33
Bangkok Metropolis,2024-Q3,2024,3,25.937899501025875,11.847168679277049,57.58586362734662,1764342.0,19.0,True,Bangkok & Vicinity,1,5456000,593927,3488,61200.11,1957179.52
Buri Ram,2024-Q3,2024,3,18.231087014971795,6.909767089822458,33.21802003338898,599.0,1.0,False,Northeastern,4,1566000,80684,155,8313.93,265879.6
Chachoengsao,2024-Q3,2024,3,25.548038351426616,16.213241900239847,34.724714285714285,7.0,1.0,False,Eastern,2,733000,400385,142,41256.93,1319396.7
Chiang Mai,2024-Q3,2024,3,39.58110698300533,25.869574294188187,104.68771583865441,32105.0,5.0,True,Northern,2,1799000,133306,79,13736.27,439285.93
Chiang Rai,2024-Q3,2024,3,69.26557166926676,46.447391652908436,50.77157971014493,345.0,2.0,False,Northern,3,1298000,90203,112,9294.8,297247.75
Chon Buri,2024-Q3,2024,3,107.04163769106184,87.04980377070477,72.23033832696562,9946.0,4.0,False,Eastern,1,1636000,524002,363,53994.82,1726754.27
Kalasin,2024-Q3,2024,3,40.8096891337279,31.299958950904994,76.98945,40.0,1.0,False,Northeastern,4,962000,77397,139,7975.23,255047.88
Khon Kaen,2024-Q3,2024,3,98.81531671806692,80.4905627655352,96.34559921951217,5125.0,3.0,False,Northeastern,3,1772000,124489,166,12827.74,410231.09
Lampang,2024-Q3,2024,3,43.689712586693254,46.97085369717985,86.56075420875422,297.0,2.0,False,Northern,3,704000,104754,56,10794.18,345197.95
Maha Sarakham,2024-Q3,2024,3,43.741744253408825,24.811290688400483,119.2151,40.0,1.0,False,Northeastern,4,930000,85228,165,8782.16,280853.53
Nakhon Pathom,2024-Q3,2024,3,152.9400370757648,94.69146607941731,40.81858365758755,514.0,3.0,False,Bangkok & Vicinity,2,926000,297901,432,30696.66,981679.12
Nakhon Phanom,2024-Q3,2024,3,12.455272647929124,2.598396368552067,33.87735714285714,28.0,1.0,False,Northeastern,4,711000,87122,125,8977.33,287094.87
Nakhon Ratchasima,2024-Q3,2024,3,93.1952466047545,75.77664807631561,76.02827160168599,7592.0,1.0,False,Northeastern,3,2620000,126119,126,12995.7,415602.46
Nonthaburi,2024-Q3,2024,3,37.085061843749024,21.698202520701358,54.25972834325934,29552.0,4.0,False,Bangkok & Vicinity,1,1318000,193641,2069,19953.38,638109.06
Pathum Thani,2024-Q3,2024,3,110.59315265895742,85.94700739932226,63.591668106107356,4863.0,4.0,False,Bangkok & Vicinity,1,1236000,230401,813,23741.25,759245.02
Phitsanulok,2024-Q3,2024,3,64.21374063690448,51.264337395940764,55.24171428571429,616.0,1.0,False,Northern,3,839000,113013,78,11645.22,372414.0
Phra Nakhon Si Ayutthaya,2024-Q3,2024,3,70.61510864033512,72.3964238168976,135.69062283737023,289.0,2.0,False,Central,1,823000,468579,323,48283.86,1544117.75
Phuket,2024-Q3,2024,3,24.71478185102011,11.798934848644537,78.63056765925367,10612.0,3.0,False,Southern,1,430000,165343,786,17037.46,544858.1
Prachuap Khiri Khan,2024-Q3,2024,3,227.662630135165,155.16156559451665,36.94145454545455,11.0,1.0,False,Western,2,552000,192326,87,19817.88,633775.72
Samut Prakan,2024-Q3,2024,3,26.73380495228993,11.119975639907912,65.5623138355528,25832.0,3.0,False,Bangkok & Vicinity,1,1381000,283160,1458,29177.7,933102.81
Samut Sakhon,2024-Q3,2024,3,207.6035141352755,95.81053848543422,33.001400000000004,5.0,1.0,False,Bangkok & Vicinity,1,591000,391442,682,40335.42,1289926.65
Saraburi,2024-Q3,2024,3,70.61881699503725,65.78317684734667,105.462325,200.0,2.0,False,Central,1,639000,323556,182,33340.23,1066220.56
Si Sa Ket,2024-Q3,2024,3,82.15310194768773,71.71164927771994,81.46397929936306,1884.0,2.0,False,Northeastern,4,1442000,83332,161,8586.79,274605.61
Songkhla,2024-Q3,2024,3,15.378209504033196,6.87514204763043,97.35485076380729,851.0,1.0,False,Southern,2,1431000,145123,185,14953.93,478226.73
Surat Thani,2024-Q3,2024,3,25.44383667614232,7.632965591644901,79.71270904925544,873.0,3.0,False,Southern,2,1077000,154835,81,15954.69,510230.87
Surin,2024-Q3,2024,3,66.04634992298162,38.532479841578315,39.4593908045977,174.0,1.0,False,Northeastern,4,1360000,81675,153,8416.05,269145.26
Ubon Ratchathani,2024-Q3,2024,3,17.419647933866887,8.50016098664428,112.3774668918919,1480.0,2.0,False,Northeastern,4,1868000,78275,119,8065.7,257941.17
Udon Thani,2024-Q3,2024,3,54.14400060212043,47.45153238797774,90.17761312026913,3567.0,2.0,False,Northeastern,4,1552000,90818,140,9358.17,299274.37
Bangkok Metropolis,2024-Q4,2024,4,27.506760068703258,12.505484871922881,66.18914930752813,1563096.0,18.0,True,Bangkok & Vicinity,1,5456000,593927,3488,61200.11,1957179.52
Buri Ram,2024-Q4,2024,4,30.649065674797146,13.442737551073074,46.76005504587156,327.0,1.0,False,Northeastern,4,1566000,80684,155,8313.93,265879.6
Chiang Mai,2024-Q4,2024,4,35.45849487993025,25.31299210118208,95.32801400337061,32635.0,4.0,False,Northern,2,1799000,133306,79,13736.27,439285.93
Chon Buri,2024-Q4,2024,4,67.70058156409773,46.71718466426431,60.80995191965872,11252.0,4.0,False,Eastern,1,1636000,524002,363,53994.82,1726754.27
Kalasin,2024-Q4,2024,4,72.738836609577,94.8739694384467,77.936,22.0,1.0,False,Northeastern,4,962000,77397,139,7975.23,255047.88
Khon Kaen,2024-Q4,2024,4,62.86001927332836,50.04017465534552,79.48881752203215,7716.0,2.0,False,Northeastern,3,1772000,124489,166,12827.74,410231.09
Maha Sarakham,2024-Q4,2024,4,39.59303032062554,34.240212292104516,83.52016666666667,78.0,1.0,False,Northeastern,4,930000,85228,165,8782.16,280853.53
Nakhon Pathom,2024-Q4,2024,4,117.15008470208218,46.694736297172746,47.678063444108766,331.0,2.0,False,Bangkok & Vicinity,2,926000,297901,432,30696.66,981679.12
Nakhon Phanom,2024-Q4,2024,4,14.092942610557687,3.604426139757547,26.09988,25.0,1.0,False,Northeastern,4,711000,87122,125,8977.33,287094.87
Nakhon Ratchasima,2024-Q4,2024,4,38.56834057317367,25.64878937758673,82.13522456938576,6154.0,2.0,False,Northeastern,3,2620000,126119,126,12995.7,415602.46
Nakhon Sawan,2024-Q4,2024,4,16.51531366868604,7.9328924522536965,98.89933918128655,2565.0,1.0,False,Northern,3,1014000,119856,106,12350.34,394963.87
Nonthaburi,2024-Q4,2024,4,37.03623836874521,20.355766730374253,79.82269650632495,48459.0,5.0,True,Bangkok & Vicinity,1,1318000,193641,2069,19953.38,638109.06
Pathum Thani,2024-Q4,2024,4,132.7123300345091,98.03897104917945,48.50034570368256,3503.0,4.0,False,Bangkok & Vicinity,1,1236000,230401,813,23741.25,759245.02
Phayao,2024-Q4,2024,4,24.205420072214345,11.8236167238557,88.95088475836431,538.0,1.0,False,Northern,3,455000,96550,74,9948.82,318163.15
Phitsanulok,2024-Q4,2024,4,71.14458076868824,62.41222340741861,55.34610055865922,179.0,1.0,False,Northern,3,839000,113013,78,11645.22,372414.0
Phra Nakhon Si Ayutthaya,2024-Q4,2024,4,38.82775782735596,16.209086251319867,59.59728763290432,3574.0,3.0,False,Central,1,823000,468579,323,48283.86,1544117.75
Phuket,2024-Q4,2024,4,28.831310294080065,11.632375714437233,46.095207464083224,18167.0,3.0,False,Southern,1,430000,165343,786,17037.46,544858.1
Prachuap Khiri Khan,2024-Q4,2024,4,232.79394871320994,54.76227222892378,46.383125,8.0,1.0,False,Western,2,552000,192326,87,19817.88,633775.72
Samut Prakan,2024-Q4,2024,4,26.905444556260036,16.387667985696496,41.73439860512902,50614.0,5.0,True,Bangkok & Vicinity,1,1381000,283160,1458,29177.7,933102.81
Saraburi,2024-Q4,2024,4,97.14627136244584,92.70723297404436,35.282303370786515,178.0,3.0,False,Central,1,639000,323556,182,33340.23,1066220.56
Si Sa Ket,2024-Q4,2024,4,66.87138726678262,55.1741556542577,85.27823650385604,778.0,2.0,False,Northeastern,4,1442000,83332,161,8586.79,274605.61
Songkhla,2024-Q4,2024,4,18.079962919858335,6.2387086440171675,45.59061841227485,1499.0,1.0,False,Southern,2,1431000,145123,185,14953.93,478226.73
Suphan Buri,2024-Q4,2024,4,66.09999282588238,60.504002009765806,47.30094537037037,1080.0,4.0,False,Western,3,822000,107792,152,11107.23,355209.13
Surat Thani,2024-Q4,2024,4,26.6757452395655,15.628928606830147,64.78243142857143,700.0,1.0,False,Southern,2,1077000,154835,81,15954.69,510230.87
Ubon Ratchathani,2024-Q4,2024,4,104.20224018504,75.81847933100804,49.598749999999995,12.0,1.0,False,Northeastern,4,1868000,78275,119,8065.7,257941.17
Udon Thani,2024-Q4,2024,4,87.69213099936505,67.85597322939228,79.65241129326047,2745.0,2.0,False,Northeastern,4,1552000,90818,140,9358.17,299274.37
Bangkok Metropolis,2025-Q1,2025,1,30.17284716252591,14.144615539664892,58.15773000837461,1363646.0,21.0,True,Bangkok & Vicinity,1,5456000,593927,3488,61200.11,1957179.52
Buri Ram,2025-Q1,2025,1,6.750836872654049,4.650233273971401,93.86291898148147,432.0,1.0,False,Northeastern,4,1566000,80684,155,8313.93,265879.6
Chiang Mai,2025-Q1,2025,1,46.63417280722521,36.21166040381342,93.58432911532503,27106.0,7.0,True,Northern,2,1799000,133306,79,13736.27,439285.93
Chon Buri,2025-Q1,2025,1,48.220475226156616,25.70637609763911,56.50927579468473,30704.0,3.0,False,Eastern,1,1636000,524002,363,53994.82,1726754.27
Kalasin,2025-Q1,2025,1,59.539565306455216,87.77709779638299,79.1285737704918,61.0,1.0,False,Northeastern,4,962000,77397,139,7975.23,255047.88
Khon Kaen,2025-Q1,2025,1,45.81932062754195,25.996459781994233,88.53001466739367,18340.0,2.0,False,Northeastern,3,1772000,124489,166,12827.74,410231.09
Maha Sarakham,2025-Q1,2025,1,59.88592783166149,53.54545091385034,90.95952,75.0,3.0,False,Northeastern,4,930000,85228,165,8782.16,280853.53
Nakhon Pathom,2025-Q1,2025,1,55.85661419435169,38.57057494477681,49.339660759493675,395.0,1.0,False,Bangkok & Vicinity,2,926000,297901,432,30696.66,981679.12
Nakhon Phanom,2025-Q1,2025,1,7.64668395630051,5.58607642793629,29.789384615384616,13.0,1.0,False,Northeastern,4,711000,87122,125,8977.33,287094.87
Nakhon Ratchasima,2025-Q1,2025,1,39.5566085519458,22.736417052684832,85.7133605357535,13663.0,2.0,False,Northeastern,3,2620000,126119,126,12995.7,415602.46
Nakhon Sawan,2025-Q1,2025,1,13.303787637510382,6.674722625512884,109.59054545454545,1771.0,1.0,False,Northern,3,1014000,119856,106,12350.34,394963.87
Nonthaburi,2025-Q1,2025,1,28.588686949674422,17.176504644865727,40.10676116446999,57056.0,6.0,True,Bangkok & Vicinity,1,1318000,193641,2069,19953.38,638109.06
Pathum Thani,2025-Q1,2025,1,125.72575045668484,109.07943323770412,54.30594165878272,3171.0,3.0,False,Bangkok & Vicinity,1,1236000,230401,813,23741.25,759245.02
Phayao,2025-Q1,2025,1,49.34050088348875,44.62204367984714,82.80457631257632,819.0,2.0,False,Northern,3,455000,96550,74,9948.82,318163.15
Phitsanulok,2025-Q1,2025,1,22.184502307631103,12.439033491266436,92.2241867816092,3828.0,2.0,False,Northern,3,839000,113013,78,11645.22,372414.0
Phra Nakhon Si Ayutthaya,2025-Q1,2025,1,47.16834588520871,19.258525388046756,57.95906799007444,2015.0,3.0,False,Central,1,823000,468579,323,48283.86,1544117.75
Phuket,2025-Q1,2025,1,26.00927801859195,10.749606370326942,65.9083765447882,11733.0,3.0,False,Southern,1,430000,165343,786,17037.46,544858.1
Samut Prakan,2025-Q1,2025,1,37.85757655538627,26.227801755621723,47.83975898237389,57585.0,4.0,False,Bangkok & Vicinity,1,1381000,283160,1458,29177.7,933102.81
Samut Sakhon,2025-Q1,2025,1,37.49139471770941,31.311739473221973,50.973625,16.0,1.0,False,Bangkok & Vicinity,1,591000,391442,682,40335.42,1289926.65
Saraburi,2025-Q1,2025,1,48.3290304950416,49.20644392041848,84.90327167630058,346.0,2.0,False,Central,1,639000,323556,182,33340.23,1066220.56
Si Sa Ket,2025-Q1,2025,1,26.217711194219312,16.740696364600993,93.96472448979591,392.0,4.0,False,Northeastern,4,1442000,83332,161,8586.79,274605.61
Songkhla,2025-Q1,2025,1,21.949739820764034,8.100211710953944,69.8005764450582,5069.0,4.0,False,Southern,2,1431000,145123,185,14953.93,478226.73
Suphan Buri,2025-Q1,2025,1,77.817557812765,86.74127343014837,46.23268842364532,812.0,3.0,False,Western,3,822000,107792,152,11107.23,355209.13
Surat Thani,2025-Q1,2025,1,103.81984503456124,79.7282603574268,52.3539423076923,52.0,1.0,False,Southern,2,1077000,154835,81,15954.69,510230.87
Surin,2025-Q1,2025,1,7.176488844891887,4.767952518785801,103.613796460177,226.0,1.0,False,Northeastern,4,1360000,81675,153,8416.05,269145.26
Trang,2025-Q1,2025,1,17.90523889159837,11.520414266733887,40.720872950819675,244.0,2.0,False,Southern,3,635000,109656,134,11299.3,361351.61
Ubon Ratchathani,2025-Q1,2025,1,10.396906452705952,4.630109618717451,100.18602272727273,220.0,1.0,False,Northeastern,4,1868000,78275,119,8065.7,257941.17
Udon Thani,2025-Q1,2025,1,31.436110072028264,9.123888994809473,94.52611480587034,5383.0,1.0,False,Northeastern,4,1552000,90818,140,9358.17,299274.37
Uthai Thani,2025-Q1,2025,1,18.041866181403048,8.979273804365736,91.46519015659956,447.0,1.0,False,Northern,3,320000,101640,48,10473.31,334936.33
Amnat Charoen,2025-Q2,2025,2,11.181783936542834,5.101996667598377,98.27716923076923,325.0,1.0,False,Northeastern,4,372000,77048,113,7939.27,253897.82
Bangkok Metropolis,2025-Q2,2025,2,29.556710410847888,15.042768702969088,62.185020229539774,797596.0,18.0,True,Bangkok & Vicinity,1,5456000,593927,3488,61200.11,1957179.52
Chai Nat,2025-Q2,2025,2,15.95146665845492,6.207335892092073,95.43937242798354,486.0,2.0,False,Central,3,314000,135667,131,13979.56,447066.18
Chiang Mai,2025-Q2,2025,2,42.63751835500372,28.028530047349925,90.97792904710013,33036.0,6.0,True,Northern,2,1799000,133306,79,13736.27,439285.93
Chon Buri,2025-Q2,2025,2,59.336182679142674,36.55888226581121,55.9972764405834,25094.0,2.0,False,Eastern,1,1636000,524002,363,53994.82,1726754.27
Kalasin,2025-Q2,2025,2,12.649398585192921,6.206428721479807,101.61860301507537,398.0,2.0,False,Northeastern,4,962000,77397,139,7975.23,255047.88
Khon Kaen,2025-Q2,2025,2,36.58912792428839,20.999934385349484,89.19759615038676,16677.0,1.0,False,Northeastern,3,1772000,124489,166,12827.74,410231.09
Maha Sarakham,2025-Q2,2025,2,18.065414719370356,11.339142625295844,90.26784276729559,159.0,2.0,False,Northeastern,4,930000,85228,165,8782.16,280853.53
Nakhon Pathom,2025-Q2,2025,2,69.336013980524,60.854140326571176,49.82727160493828,243.0,3.0,False,Bangkok & Vicinity,2,926000,297901,432,30696.66,981679.12
Nakhon Ratchasima,2025-Q2,2025,2,36.213898432098766,18.687631386559595,83.7604156984479,22550.0,2.0,False,Northeastern,3,2620000,126119,126,12995.7,415602.46
Nakhon Sawan,2025-Q2,2025,2,15.082959316048623,8.040878883817197,99.52203180011358,1761.0,2.0,False,Northern,3,1014000,119856,106,12350.34,394963.87
Nonthaburi,2025-Q2,2025,2,26.696514930740534,12.917018427430907,43.16016621757621,92409.0,3.0,False,Bangkok & Vicinity,1,1318000,193641,2069,19953.38,638109.06
Pathum Thani,2025-Q2,2025,2,135.4239154363905,112.56708982912338,57.08789916301315,2509.0,4.0,False,Bangkok & Vicinity,1,1236000,230401,813,23741.25,759245.02
Phatthalung,2025-Q2,2025,2,19.588060607324834,9.510246619417044,43.87958596491228,285.0,1.0,False,Southern,3,519000,81529,135,8401.01,268664.14
Phayao,2025-Q2,2025,2,70.52497357164471,55.46754289329082,66.79980487804879,205.0,2.0,False,Northern,3,455000,96550,74,9948.82,318163.15
Phitsanulok,2025-Q2,2025,2,20.03641385198314,10.174219837809241,90.84612038043478,7360.0,1.0,False,Northern,3,839000,113013,78,11645.22,372414.0
Phra Nakhon Si Ayutthaya,2025-Q2,2025,2,72.13507301921739,32.92834187148333,45.300200000000004,5.0,1.0,False,Central,1,823000,468579,323,48283.86,1544117.75
Phuket,2025-Q2,2025,2,25.739958308902605,11.269027445942182,124.45009879298102,9859.0,4.0,False,Southern,1,430000,165343,786,17037.46,544858.1
Sa Kaeo,2025-Q2,2025,2,11.171142912177283,5.052083175974015,88.62037634408601,372.0,1.0,False,Eastern,4,562000,73744,80,7598.81,243010.08
Samut Prakan,2025-Q2,2025,2,53.91844768729505,39.24244970255568,57.64446117717598,20014.0,3.0,False,Bangkok & Vicinity,1,1381000,283160,1458,29177.7,933102.81
Samut Sakhon,2025-Q2,2025,2,32.01062515986571,61.460365869556696,51.83800000000001,23.0,1.0,False,Bangkok & Vicinity,1,591000,391442,682,40335.42,1289926.65
Saraburi,2025-Q2,2025,2,199.84327584128985,237.7755491533493,30.8685,14.0,1.0,False,Central,1,639000,323556,182,33340.23,1066220.56
Si Sa Ket,2025-Q2,2025,2,15.53697442315291,6.709642912083084,96.42546823956444,551.0,3.0,False,Northeastern,4,1442000,83332,161,8586.79,274605.61
Songkhla,2025-Q2,2025,2,17.3793779214111,8.223624206135788,134.48989980571747,3603.0,3.0,False,Southern,2,1431000,145123,185,14953.93,478226.73
Surat Thani,2025-Q2,2025,2,51.15173638074549,54.1163305063601,46.10664285714285,14.0,1.0,False,Southern,2,1077000,154835,81,15954.69,510230.87
Surin,2025-Q2,2025,2,7.422862558885643,4.249072316553234,95.55082200357782,1118.0,1.0,False,Northeastern,4,1360000,81675,153,8416.05,269145.26
Ubon Ratchathani,2025-Q2,2025,2,13.931035849294087,5.42198701796021,95.46393179805136,1129.0,2.0,False,Northeastern,4,1868000,78275,119,8065.7,257941.17
Udon Thani,2025-Q2,2025,2,31.036745049759446,13.870852298550417,86.80537215287607,7771.0,2.0,False,Northeastern,4,1552000,90818,140,9358.17,299274.37
Amnat Charoen,2025-Q3,2025,3,13.921265401768544,5.90295396554104,89.36746118012422,644.0,1.0,False,Northeastern,4,372000,77048,113,7939.27,253897.82
Bangkok Metropolis,2025-Q3,2025,3,32.071031105961936,16.006151535698365,63.87870671677497,848562.0,19.0,True,Bangkok & Vicinity,1,5456000,593927,3488,61200.11,1957179.52
Buri Ram,2025-Q3,2025,3,9.87998465644235,5.555067476108502,92.25542520215635,1484.0,2.0,False,Northeastern,4,1566000,80684,155,8313.93,265879.6
Chai Nat,2025-Q3,2025,3,24.74405743046048,7.587704887316348,85.72660392156862,255.0,2.0,False,Central,3,314000,135667,131,13979.56,447066.18
Chaiyaphum,2025-Q3,2025,3,11.779008447516269,5.5748601711107,97.63831684110373,1051.0,2.0,False,Northeastern,4,1106000,73134,88,7535.96,240999.93
Chanthaburi,2025-Q3,2025,3,30.185185158802724,9.060465910933248,92.895375,72.0,1.0,False,Eastern,2,536000,243317,83,25072.15,801807.38
Chiang Mai,2025-Q3,2025,3,39.7072613870931,26.649301440468342,91.68112012534819,34464.0,6.0,True,Northern,2,1799000,133306,79,13736.27,439285.93
Chon Buri,2025-Q3,2025,3,58.68452150828552,41.792520878831695,66.34388829731338,28549.0,3.0,False,Eastern,1,1636000,524002,363,53994.82,1726754.27
Kamphaeng Phet,2025-Q3,2025,3,7.878313964742776,6.866979479023643,151.52330632911392,395.0,1.0,False,Northern,3,701000,141987,82,14630.79,467892.6
Khon Kaen,2025-Q3,2025,3,33.84943876998709,20.30643365110554,88.04225612300934,18210.0,1.0,False,Northeastern,3,1772000,124489,166,12827.74,410231.09
Nakhon Pathom,2025-Q3,2025,3,93.3599594004237,76.51464255502586,62.19326829268292,82.0,3.0,False,Bangkok & Vicinity,2,926000,297901,432,30696.66,981679.12
Nakhon Phanom,2025-Q3,2025,3,13.813409146431683,5.337487869868119,26.427090909090907,11.0,1.0,False,Northeastern,4,711000,87122,125,8977.33,287094.87
Nakhon Ratchasima,2025-Q3,2025,3,35.445345263684,18.402706740630464,80.47852426145776,28976.0,4.0,False,Northeastern,3,2620000,126119,126,12995.7,415602.46
Nakhon Sawan,2025-Q3,2025,3,14.8598849350415,8.130615778024428,87.92589460784313,816.0,1.0,False,Northern,3,1014000,119856,106,12350.34,394963.87
Nong Khai,2025-Q3,2025,3,90.06335795469451,89.30947495132506,47.54195714285714,70.0,1.0,False,Northeastern,4,512000,97617,156,10058.76,321679.25
Nonthaburi,2025-Q3,2025,3,33.14565950346216,16.804582166767467,70.77150660929006,48568.0,3.0,False,Bangkok & Vicinity,1,1318000,193641,2069,19953.38,638109.06
Pathum Thani,2025-Q3,2025,3,118.13080397296473,111.20486012780201,67.29975516224188,1695.0,4.0,False,Bangkok & Vicinity,1,1236000,230401,813,23741.25,759245.02
Phatthalung,2025-Q3,2025,3,21.85991833680479,8.923644589298386,39.06366783216784,286.0,1.0,False,Southern,3,519000,81529,135,8401.01,268664.14
Phayao,2025-Q3,2025,3,98.1072403638178,81.1090058872677,68.42601333333333,300.0,1.0,False,Northern,3,455000,96550,74,9948.82,318163.15
Phitsanulok,2025-Q3,2025,3,20.022489868766392,10.036625639435352,91.97707360681761,11969.0,1.0,False,Northern,3,839000,113013,78,11645.22,372414.0
Phra Nakhon Si Ayutthaya,2025-Q3,2025,3,29.267790314791153,25.68116379068517,93.24756934306569,1096.0,2.0,False,Central,1,823000,468579,323,48283.86,1544117.75
Phuket,2025-Q3,2025,3,24.47666195993649,9.868306995226513,96.6645122525919,10610.0,3.0,False,Southern,1,430000,165343,786,17037.46,544858.1
Prachin Buri,2025-Q3,2025,3,117.42520744379611,117.72201128110756,52.816,30.0,1.0,False,Eastern,1,501000,490499,100,50542.56,1616351.17
Rayong,2025-Q3,2025,3,147.54946656860741,158.40651891899773,25.50990909090909,11.0,1.0,False,Eastern,1,782000,955119,213,98418.47,3147422.75
Roi Et,2025-Q3,2025,3,14.408670443051172,6.319751550940931,94.55214244186045,688.0,1.0,False,Northeastern,4,1276000,78688,162,8108.26,259302.14
Sa Kaeo,2025-Q3,2025,3,9.792652508592655,4.877863740829341,98.33193220338983,590.0,1.0,False,Eastern,4,562000,73744,80,7598.81,243010.08
Samut Prakan,2025-Q3,2025,3,68.1592344360043,57.52930921836218,54.17572091403975,15798.0,3.0,False,Bangkok & Vicinity,1,1381000,283160,1458,29177.7,933102.81
Songkhla,2025-Q3,2025,3,18.89090144128275,7.430385034542855,101.74958400402414,3976.0,1.0,False,Southern,2,1431000,145123,185,14953.93,478226.73
Surat Thani,2025-Q3,2025,3,87.8273308597438,97.26954518290367,66.02520388349515,103.0,2.0,False,Southern,2,1077000,154835,81,15954.69,510230.87
Surin,2025-Q3,2025,3,10.710119499748563,4.956726845755729,90.24942222222222,225.0,2.0,False,Northeastern,4,1360000,81675,153,8416.05,269145.26
Tak,2025-Q3,2025,3,11.785880158101847,7.532932192427048,103.60149748743719,199.0,1.0,False,Northern,3,699000,114952,40,11845.02,378803.63
Ubon Ratchathani,2025-Q3,2025,3,13.185387930183428,5.979691250700518,107.22843776824034,466.0,2.0,False,Northeastern,4,1868000,78275,119,8065.7,257941.17
Udon Thani,2025-Q3,2025,3,26.097448596201545,11.896821268765619,86.05401609452042,10749.0,3.0,False,Northeastern,4,1552000,90818,140,9358.17,299274.37
Bangkok Metropolis,2025-Q4,2025,4,32.85456440799668,16.037779208485023,62.98571151204382,315930.0,18.0,True,Bangkok & Vicinity,1,5456000,593927,3488,61200.11,1957179.52
Buri Ram,2025-Q4,2025,4,9.662319069147813,4.263116780987336,82.01166883116883,154.0,1.0,False,Northeastern,4,1566000,80684,155,8313.93,265879.6
Chaiyaphum,2025-Q4,2025,4,9.847732626956113,5.489740717342726,90.81548466257668,163.0,1.0,False,Northeastern,4,1106000,73134,88,7535.96,240999.93
Chiang Mai,2025-Q4,2025,4,39.52751611034857,25.5479955876139,91.02880888998946,16153.0,4.0,False,Northern,2,1799000,133306,79,13736.27,439285.93
Chon Buri,2025-Q4,2025,4,63.06417599905434,39.02048109795376,60.87760462940162,20305.0,6.0,True,Eastern,1,1636000,524002,363,53994.82,1726754.27
Kamphaeng Phet,2025-Q4,2025,4,6.874858296812454,,83.44833333333334,3.0,1.0,False,Northern,3,701000,141987,82,14630.79,467892.6
Khon Kaen,2025-Q4,2025,4,37.86402802626371,24.114586460105237,85.55969712133138,17786.0,1.0,False,Northeastern,3,1772000,124489,166,12827.74,410231.09
Nakhon Pathom,2025-Q4,2025,4,316.3031627100737,152.32854846290147,33.053,7.0,1.0,False,Bangkok & Vicinity,2,926000,297901,432,30696.66,981679.12
Nakhon Phanom,2025-Q4,2025,4,9.284311582931082,,26.670285714285715,7.0,1.0,False,Northeastern,4,711000,87122,125,8977.33,287094.87
Nakhon Ratchasima,2025-Q4,2025,4,35.70845237585837,18.71740430539047,81.8333892086331,18070.0,3.0,False,Northeastern,3,2620000,126119,126,12995.7,415602.46
Nakhon Sawan,2025-Q4,2025,4,26.984835115572597,14.06233290255594,78.57546987951807,83.0,1.0,False,Northern,3,1014000,119856,106,12350.34,394963.87
Nong Khai,2025-Q4,2025,4,72.1741368661591,,41.423249999999996,4.0,1.0,False,Northeastern,4,512000,97617,156,10058.76,321679.25
Nonthaburi,2025-Q4,2025,4,35.9114410584566,23.756996801059483,54.46235615013006,13455.0,2.0,False,Bangkok & Vicinity,1,1318000,193641,2069,19953.38,638109.06
Pathum Thani,2025-Q4,2025,4,108.08706175485567,96.27452857114467,83.13131324004304,929.0,3.0,False,Bangkok & Vicinity,1,1236000,230401,813,23741.25,759245.02
Phatthalung,2025-Q4,2025,4,22.596472731738977,4.203718311927713,55.633739130434776,207.0,1.0,False,Southern,3,519000,81529,135,8401.01,268664.14
Phetchabun,2025-Q4,2025,4,10.142165338383013,4.726882774728865,88.02646153846155,13.0,1.0,False,Northern,3,961000,88485,75,9117.77,291586.39
Phitsanulok,2025-Q4,2025,4,23.44276226118198,10.9831710792469,87.37890166737922,7017.0,1.0,False,Northern,3,839000,113013,78,11645.22,372414.0
Phra Nakhon Si Ayutthaya,2025-Q4,2025,4,11.257992596423255,5.320852551092477,92.82943331206127,1567.0,1.0,False,Central,1,823000,468579,323,48283.86,1544117.75
Phuket,2025-Q4,2025,4,41.653895777381564,13.511504112732304,62.1158964245631,12474.0,3.0,False,Southern,1,430000,165343,786,17037.46,544858.1
Prachin Buri,2025-Q4,2025,4,81.99132674136057,52.76305962055227,58.85427272727272,44.0,2.0,False,Eastern,1,501000,490499,100,50542.56,1616351.17
Ratchaburi,2025-Q4,2025,4,87.68218492454521,82.087948880529,44.61890243902439,41.0,1.0,False,Western,2,864000,221383,167,22812.0,729527.83
Rayong,2025-Q4,2025,4,346.9283724875621,206.1488068645611,25.5,4.0,1.0,False,Eastern,1,782000,955119,213,98418.47,3147422.75
Roi Et,2025-Q4,2025,4,10.003356213534692,5.490923159579942,89.84001827956988,930.0,2.0,False,Northeastern,4,1276000,78688,162,8108.26,259302.14
Sa Kaeo,2025-Q4,2025,4,9.926805969527216,5.8948588735312955,95.14707654723126,614.0,1.0,False,Eastern,4,562000,73744,80,7598.81,243010.08
Samut Prakan,2025-Q4,2025,4,78.1133351495647,57.84220869090016,61.777899753896634,6095.0,4.0,False,Bangkok & Vicinity,1,1381000,283160,1458,29177.7,933102.81
Saraburi,2025-Q4,2025,4,55.341675421864956,58.88791950487939,196.27949999999998,8.0,1.0,False,Central,1,639000,323556,182,33340.23,1066220.56
Songkhla,2025-Q4,2025,4,26.00094580221736,7.271926816543176,58.10836223175966,3495.0,3.0,False,Southern,2,1431000,145123,185,14953.93,478226.73
Sukhothai,2025-Q4,2025,4,24.30170144140191,9.716406553657347,82.41442574257427,505.0,1.0,False,Northern,3,573000,80170,86,8260.97,264185.8
Surat Thani,2025-Q4,2025,4,152.72026686192336,150.12754923768807,56.25030927835052,97.0,2.0,False,Southern,2,1077000,154835,81,15954.69,510230.87
Surin,2025-Q4,2025,4,10.890712935284414,5.639328952320455,92.77271870397644,1358.0,1.0,False,Northeastern,4,1360000,81675,153,8416.05,269145.26
Ubon Ratchathani,2025-Q4,2025,4,10.484132518614581,5.359807657342081,93.78917748917749,693.0,2.0,False,Northeastern,4,1868000,78275,119,8065.7,257941.17
Udon Thani,2025-Q4,2025,4,26.071532089100945,10.580786855648343,86.3517323266987,10199.0,2.0,False,Northeastern,4,1552000,90818,140,9358.17,299274.37
Uthai Thani,2025-Q4,2025,4,22.57613399636553,7.440546464612804,80.33074025974027,77.0,2.0,False,Northern,3,320000,101640,48,10473.31,334936.33
Yala,2025-Q4,2025,4,21.481925227902675,7.747392862250958,67.024192,500.0,1.0,False,Southern,4,553000,105453,124,10866.21,347501.38
