area,network_type,type,hour_local,is_weekend,n_tests,n_ips,med_mbps,p25_mbps,p10_mbps,mean_mbps,med_rtt,mean_rtt,mean_loss
capital,broadband,download,0,False,567,245,28.290601270616076,9.509318871883526,1.8179871438985828,28.333079564810962,74.287,120.18286371681424,0.05798157341223296
capital,broadband,download,1,False,385,148,23.412878545316854,7.139321886857958,0.779508166929662,23.269503257225857,76.931,128.17318961038958,0.05856245384746165
capital,broadband,download,2,False,334,194,29.007907101008325,11.160984222065169,3.6709539906853603,28.336165294751897,74.0,126.35754191616778,0.055690319739463014
capital,broadband,download,3,False,281,104,27.908202392529716,10.735682121019497,4.240169084617831,25.107398291266136,71.357,111.17045551601424,0.06116334061887221
capital,broadband,download,4,False,268,126,31.59758068597438,13.460523639786615,3.150761469199173,29.032484354010602,73.189,107.28534701492528,0.06341000331229883
capital,broadband,download,5,False,396,121,29.87587472867349,7.076509746106361,1.4775425800906143,25.374583878101557,71.77199999999999,110.93473989898992,0.07981295168887942
capital,broadband,download,6,False,407,170,30.414619101672532,10.519527506776928,2.219837011329568,32.98525065482013,73.854,115.83600245700245,0.059865943560821755
capital,broadband,download,7,False,618,284,25.184148281749167,6.380024295211788,1.3078557258802115,44.95668091887518,73.54400000000001,112.04832362459543,0.05798111565490902
capital,broadband,download,8,False,917,447,30.141043711143606,9.438909364229428,1.6909484745278158,55.29504878351409,75.0535,112.09608406113549,0.06111687489800391
capital,broadband,download,9,False,1113,415,28.90839607727687,9.010145257645704,1.9297970608543455,60.90032516002934,73.619,111.46853009883183,0.06504066147619278
capital,broadband,download,10,False,1143,456,27.884250962468062,8.201301476133146,1.923780781680058,52.9446273018778,73.111,112.06967629046366,0.0680080318803167
capital,broadband,download,11,False,1197,784,27.17273193880021,8.73210475977787,2.1451406814405853,54.818844940446084,73.562,108.6198972431077,0.06574847821544458
capital,broadband,download,12,False,1039,504,26.7741180481178,7.261126601116118,1.4397200412792635,46.276824817688905,74.9185,114.44840077071298,0.07316288296088413
capital,broadband,download,13,False,1238,583,29.72576400769023,9.68059327422405,1.6917666412965349,56.86094827439264,74.5735,110.50064135702758,0.06525118188799336
capital,broadband,download,14,False,1205,525,26.105367410140584,8.165999669802453,1.6241983530290862,48.62704693942897,74.643,114.69028073089703,0.06728667225888968
capital,broadband,download,15,False,1128,663,25.54155403995103,9.28526123511135,2.0847307240873265,33.52912916744665,76.5765,115.21845567375911,0.07330498699476612
capital,broadband,download,16,False,1144,523,27.096206625340514,9.269043220512891,1.8325767701640736,35.266214525480684,74.468,114.16377252843401,0.06756693837029235
capital,broadband,download,17,False,1109,559,21.93957020271815,5.959845183792997,1.4397619300926956,26.362539020786105,76.575,118.3941911632102,0.07073658811095546
capital,broadband,download,18,False,927,420,26.34848851940558,8.212915477794503,1.4287855111400616,27.57429654666747,74.8825,113.65004967602589,0.0646077509100781
capital,broadband,download,19,False,1071,539,18.082616897298898,4.477926934858166,1.0648726712040109,23.408343479536924,76.191,121.60738562091521,0.07364876579430381
capital,broadband,download,20,False,1196,727,16.11684797097511,4.098061095652165,1.1495957036321673,21.275291772147476,77.361,124.86266973244139,0.07844341739463247
capital,broadband,download,21,False,1090,550,18.718683370719894,5.079889390195849,1.1600688669530657,22.32331520473813,77.218,126.31745412844045,0.07688013859717702
capital,broadband,download,22,False,949,581,22.860359041456476,6.990860546243512,1.6153678572518761,25.39818844854088,75.248,121.8927913593257,0.06919265001341847
capital,broadband,download,23,False,704,334,24.97925890822173,7.131196544293751,1.432876805280009,26.45968388680849,75.345,113.11786505681826,0.06032674747551152
capital,broadband,download,0,True,203,107,24.703564859033783,8.606922748960585,2.2315493338030237,27.304483605184764,74.507,120.53871428571438,0.048832327592949976
capital,broadband,download,1,True,146,79,20.61447015216504,5.004766946759466,0.9045732313944677,23.64642691576062,74.48349999999999,110.24262328767125,0.07971123298333403
capital,broadband,download,2,True,128,67,20.193846309774617,3.6300678484902824,0.9337349104066192,22.566706838941748,73.97200000000001,121.70078906250006,0.06715309107233666
capital,broadband,download,3,True,129,66,28.350571841139455,13.931477028800279,2.992710734237392,29.63595989442083,73.807,130.60679844961246,0.04199202285238928
capital,broadband,download,4,True,108,50,24.400553473048184,4.88951657851095,1.7676313778884447,22.93895513735759,74.72999999999999,108.59689814814813,0.06263901055696797
capital,broadband,download,5,True,167,58,29.540544315943155,8.174234693079088,1.6965711292658672,24.35148307969991,70.872,120.90582035928144,0.08130509586785477
capital,broadband,download,6,True,128,71,29.80746751571646,11.489336437724063,3.5941254900032087,25.53567680304427,72.1765,109.56340625000001,0.059470858729226556
capital,broadband,download,7,True,262,129,24.344761112149165,7.437167778338864,1.8998722064346099,45.31917089992612,77.18,128.90598854961837,0.056813799748940345
capital,broadband,download,8,True,282,135,33.14238778986092,9.036819327772502,2.129314426445897,69.04847532627724,73.9825,108.6850212765957,0.05418754976091887
capital,broadband,download,9,True,496,212,31.08558079373185,9.63831231542371,2.9453296109281863,71.19450395350965,73.053,103.63332258064517,0.0628055249685978
capital,broadband,download,10,True,439,198,28.074408465966116,10.758020814169948,2.419644831315338,53.460353310495094,75.097,113.6734396355354,0.0654516717128198
capital,broadband,download,11,True,386,230,29.271986926905953,8.878309870064296,1.678384265579846,69.48260809607913,73.55000000000001,111.56648186528498,0.06960281122888244
capital,broadband,download,12,True,397,239,24.379782820858885,6.478854466726025,1.758146641764835,45.48034068138204,74.942,113.71914105793452,0.06227979127975318
capital,broadband,download,13,True,422,201,22.852489650290707,4.52152464483752,0.8065695028741784,60.32727891824598,73.3505,121.72556872037916,0.058408849220272674
capital,broadband,download,14,True,366,191,26.90663151527736,9.195938651407891,2.1490011500110655,44.77452914302239,75.07050000000001,123.24778415300544,0.0613606291118975
capital,broadband,download,15,True,403,228,20.6989293808672,6.149770133052103,1.3292217080250877,32.32957263955158,76.0,116.63447394540941,0.06818839793625528
capital,broadband,download,16,True,341,254,21.974629922622256,6.236989209390823,1.380947510165209,27.87429798008997,76.12299999999999,123.51522647058839,0.06726717265175713
capital,broadband,download,17,True,378,198,17.158561471168568,5.522974365417394,1.1511664601397729,24.176435324862574,76.37899999999999,128.86387566137574,0.064317386648954
capital,broadband,download,18,True,240,162,18.387848232782147,3.133309518616022,0.5850670785897741,24.435896223059764,78.8095,136.50444166666662,0.06908811249549451
capital,broadband,download,19,True,379,199,15.210237341795946,5.139477709069601,1.2476062222606124,21.540423557382223,80.756,135.44975461741424,0.07092505261348211
capital,broadband,download,20,True,412,253,15.926204983570758,3.2300364452601356,1.0467286628541002,21.265426726602414,76.6275,122.1069466019419,0.07120939545661341
capital,broadband,download,21,True,426,237,14.551265407101596,3.376553703577375,0.7394005949315093,19.100585411170922,79.3425,130.48496244131454,0.07672407540813826
capital,broadband,download,22,True,322,218,19.761778651956178,4.393158280991831,1.222587053769752,24.303884430076437,75.84649999999999,122.39008695652174,0.06885905647956708
capital,broadband,download,23,True,315,190,17.493531689556228,6.331589838093318,1.4453728425929262,23.825949243322974,73.785,112.53321904761904,0.07156011176360083
capital,broadband,upload,0,False,423,208,20.082352621183382,6.6654653193885425,1.2219888637996432,25.873659485996793,73.867,107.34749289099518,0.0
capital,broadband,upload,1,False,272,117,17.331023301246585,8.698590850378386,1.6381196133674891,21.773724364734043,74.97800000000001,111.15033088235297,0.0
capital,broadband,upload,2,False,246,132,19.002256920614265,6.6374678768438296,1.6835951678009784,24.19162108730137,73.85499999999999,123.37877642276426,0.0
capital,broadband,upload,3,False,226,91,18.674180784688616,8.763860945822383,2.7012161273247672,22.831414991617738,72.9925,106.41074778761063,0.0
capital,broadband,upload,4,False,233,102,23.271095370912214,8.938276266540804,4.993639481002735,26.169517413238722,72.462,106.99117596566529,0.0
capital,broadband,upload,5,False,343,131,12.502359527112587,7.340905822325189,1.5263258956328323,17.679040892225817,70.459,102.64465014577249,0.0
capital,broadband,upload,6,False,344,181,20.08005420316307,8.02721730954071,1.1508128107346876,30.729700502437257,74.11000000000001,108.8126656976744,0.0
capital,broadband,upload,7,False,508,238,20.312308020009972,6.265188683290935,1.3117543555763382,46.860805084637896,72.67500000000001,103.96377952755918,0.0
capital,broadband,upload,8,False,776,364,28.757489164635977,8.297965571473163,1.556193225688427,59.00400036943087,75.744,109.29903865979382,0.0
capital,broadband,upload,9,False,984,344,26.92961221122392,6.573188237332128,1.382321173448568,64.52299175346602,74.013,110.14701321138216,0.0
capital,broadband,upload,10,False,1022,420,23.381241084071817,5.429602902938559,1.2285899762431356,53.7232633527134,74.059,108.8161614481408,0.0
capital,broadband,upload,11,False,1034,611,22.449902683273002,5.953931841045089,1.139660545672169,55.63505904236782,74.6885,110.45826789168264,0.0
capital,broadband,upload,12,False,868,393,17.84935555211366,4.958591344407935,1.2766490191751518,47.1825718194816,75.3835,111.73276443418025,0.0
capital,broadband,upload,13,False,1063,491,23.7263927322007,5.614691112352306,1.0489907714718738,58.125077492289314,75.0,106.96085983066794,0.0
capital,broadband,upload,14,False,1002,522,21.61820391738456,5.9057909830519,0.9891942914864023,49.08278666549789,74.799,109.86439321357288,0.0
capital,broadband,upload,15,False,1000,634,15.937841348687002,3.7516777068954186,0.6911157579851174,29.760074800386935,77.29,118.20030199999992,0.0
capital,broadband,upload,16,False,981,577,20.01149492065019,5.36294284364667,0.9953359427201528,33.70772086714349,75.257,113.75233944954128,0.0
capital,broadband,upload,17,False,884,439,16.39126617903065,4.962602255665813,1.162377353180018,24.04370164947923,76.271,113.48360249150608,0.0
capital,broadband,upload,18,False,784,404,19.147544071156737,5.453735978215135,0.9167961380107882,24.654950189669584,75.295,114.20977011494239,0.0
capital,broadband,upload,19,False,848,420,13.061958963766543,3.235563551526398,0.6517509298708456,20.33142685794009,75.289,115.790559622196,0.0
capital,broadband,upload,20,False,970,574,11.249700849926825,2.5073602341994548,0.28649780639234473,18.745650024864364,77.767,126.16353869969049,0.0
capital,broadband,upload,21,False,861,541,15.104975033653004,3.3151591528416273,0.6305116697477535,21.50944236097831,77.4485,124.58612441860456,0.0
capital,broadband,upload,22,False,756,470,17.02635632185507,4.509787022955626,0.8292775675725621,22.883994221462565,74.749,119.7769325396825,0.0
capital,broadband,upload,23,False,557,354,16.927422420721857,3.929402256585073,0.49228645232935,23.59963004456057,75.17,114.88577558348295,0.0
capital,broadband,upload,0,True,143,84,26.378530032204953,6.848296095187502,3.122249173115362,25.678334003381178,74.53,116.89117482517482,0.0
capital,broadband,upload,1,True,115,74,17.06968377845092,3.828878637591386,1.641396282688451,20.48178469510754,75.1,116.00746956521728,0.0
capital,broadband,upload,2,True,91,51,28.225684397640777,4.864922044882731,1.9633100111781991,23.53549472525176,76.124,130.74838461538457,0.0
capital,broadband,upload,3,True,101,55,27.180396907817006,8.869796034562563,2.940521666440852,26.058387406076786,78.464,127.40571287128708,0.0
capital,broadband,upload,4,True,82,49,14.100527298099667,7.459077419778779,3.3000547621197254,20.725838669935193,73.25200000000001,104.42304878048776,0.0
capital,broadband,upload,5,True,136,51,11.884210626196548,5.113574203639548,1.0334773759189733,16.309091291259083,67.85249999999999,110.4283529411765,0.0
capital,broadband,upload,6,True,100,68,15.484780608415864,9.866583431442642,3.087769134242285,20.482396956435036,73.598,107.15013000000003,0.0
capital,broadband,upload,7,True,216,121,28.515616652754723,7.9338018229936935,1.3064905839675518,53.22534040459544,75.904,111.48329767441854,0.0
capital,broadband,upload,8,True,307,128,34.85188125734202,8.428686244331715,2.104603637465857,71.43463139098792,75.498,101.27949837133558,0.0
capital,broadband,upload,9,True,543,203,28.282293332581343,7.767072351824993,2.0229311637212732,63.794650208388276,73.631,104.64511786372005,0.0
capital,broadband,upload,10,True,423,178,25.82437292688122,7.3016570354432755,1.3836802637389645,51.78711714043552,75.01,112.75039716312062,0.0
capital,broadband,upload,11,True,380,202,26.984407814815643,8.424106872642804,1.9554947228730506,63.847830615757196,73.91900000000001,110.97531315789482,0.0
capital,broadband,upload,12,True,343,198,18.69379513240706,4.344656106066816,1.2060723160847155,45.113630590650224,74.293,115.17444314868806,0.0
capital,broadband,upload,13,True,327,191,21.46126759807824,4.371526429454127,0.9525277649032886,71.97608281102728,74.017,113.5678012232416,0.0
capital,broadband,upload,14,True,290,149,24.7033103857345,6.005137324484556,1.2153914594299065,45.70222352899105,75.10849999999999,113.72812413793108,0.0
capital,broadband,upload,15,True,327,189,17.048107705968466,4.43862036321171,1.1571917416441453,37.957809430889526,75.949,113.67347239263809,0.0
capital,broadband,upload,16,True,268,195,17.870459052114164,5.382013434243054,0.8909542999528022,26.01022874413511,77.322,119.76846067415734,0.0
capital,broadband,upload,17,True,303,165,14.182026888095058,3.082588242601786,0.7053790951535243,20.603133183951716,78.09049999999999,128.9356721854305,0.0
capital,broadband,upload,18,True,230,151,10.986529678007813,1.5691496389371686,0.1780772471497074,21.17444731903901,79.688,128.65674782608698,0.0
capital,broadband,upload,19,True,298,163,12.717230143644732,2.480362965010995,0.19528412642632614,18.21283001488556,81.1515,139.23401006711399,0.0
capital,broadband,upload,20,True,305,203,13.54660272565878,1.80929863980691,0.5213174253023874,20.194168804822283,78.179,119.2191311475409,0.0
capital,broadband,upload,21,True,333,222,10.568393992274398,2.352236555062762,0.5721025439842654,15.908983681953114,78.936,115.97198498498494,0.0
capital,broadband,upload,22,True,269,215,12.711347553260731,3.188364785376987,0.6680037017268868,19.195602662241907,78.255,118.67313011152412,0.0
capital,broadband,upload,23,True,238,166,12.798235568234803,3.1273569767258076,0.6247195933820092,20.612313720752525,76.003,118.56514345991559,0.0
capital,cellular,download,0,False,323,190,13.956344406812745,5.4765273344093295,1.0709870599846898,22.462449335553764,92.783,165.61212383900926,0.05206948895952881
capital,cellular,download,1,False,284,189,14.547655002094057,4.1471299519222224,0.5787272406232394,22.422304380691273,96.4985,165.50857042253514,0.035832423654061835
capital,cellular,download,2,False,287,173,19.536644365712846,6.238792348917508,1.2309032693830098,30.235445271993548,84.892,157.43390940766545,0.03829909744416864
capital,cellular,download,3,False,145,110,17.96314229612661,9.169596061966121,2.3087195798007243,23.83160733623075,98.901,184.68952413793104,0.04115529143875214
capital,cellular,download,4,False,145,85,20.796130746774395,9.671577362559914,3.83667291090729,30.130792398527948,88.876,149.7052827586206,0.0289151608233497
capital,cellular,download,5,False,174,115,12.0102376764752,6.148242993504698,1.4260226830625318,20.593367968889932,96.7655,156.37024712643688,0.050431341746645396
capital,cellular,download,6,False,265,142,14.564410404773902,6.665343961218793,1.4172051643395527,20.076434071005878,91.27,165.30877358490568,0.04548449657576177
capital,cellular,download,7,False,318,222,11.74078897296329,5.033243870547871,0.9960773287001838,17.929703975740697,98.026,174.1304716981132,0.059129236527588155
capital,cellular,download,8,False,445,254,12.89912350376904,4.501027581687176,0.7767151489819537,18.256107822432686,96.039,169.55331011235955,0.04262735619455649
capital,cellular,download,9,False,442,291,9.947977885849825,3.8716944451707356,1.0312156259752765,16.05411763347823,92.47,162.76304761904763,0.043630664279008136
capital,cellular,download,10,False,528,336,9.602625391610246,3.679815985201097,0.6719494536991112,16.06781799078603,98.097,175.73330492424265,0.0536904528618645
capital,cellular,download,11,False,489,379,9.607465372306145,2.814194024250831,0.6567936328858184,15.96921774931057,97.305,179.71904303278694,0.032828476012105354
capital,cellular,download,12,False,510,327,7.9411188326580255,2.0760992057595313,0.600270588084768,13.26380883920761,103.723,187.8183333333335,0.04456531793542677
capital,cellular,download,13,False,594,434,10.741063458195764,2.8858292116241753,0.7910302560040212,17.09452022914591,95.6555,170.46857744107766,0.05020996391046956
capital,cellular,download,14,False,619,294,9.740487448461675,3.4562150949546737,0.713490037977946,16.634700004697237,97.362,170.72145072697907,0.04676139342702324
capital,cellular,download,15,False,462,409,8.483770760609175,2.621146648519327,0.6078023282503422,15.78368901660164,98.0805,177.6883722943723,0.04512377774819081
capital,cellular,download,16,False,514,313,9.715270528159309,2.960350494455553,0.9029882689190429,17.28213945264601,92.7145,157.76274902723728,0.04813972702902653
capital,cellular,download,17,False,524,370,10.749717694907023,3.312682596511032,0.9058895424158715,15.97550369668876,97.536,173.2081507633587,0.04708550381099888
capital,cellular,download,18,False,622,382,8.401750449422764,2.5422001992666514,0.6970358947961662,14.387718489128957,101.4045,178.44944533762055,0.04112035015199204
capital,cellular,download,19,False,691,368,6.655120469729522,2.0076822453026013,0.5314222650539996,12.000764043950293,104.0,178.94030246020236,0.04997593827701014
capital,cellular,download,20,False,817,483,4.1398782397054115,1.2082626709031214,0.45608015736943347,10.15248224724366,107.331,192.20867809057535,0.05044540407988643
capital,cellular,download,21,False,753,399,6.02365629877128,1.648550567758251,0.5167988343442179,11.602645244625693,98.6425,177.4480013297871,0.04874780142220634
capital,cellular,download,22,False,523,319,7.090523319562022,2.2579962261349,0.6456606186012186,14.334186524849553,95.527,176.46269598470352,0.040325551391661704
capital,cellular,download,23,False,501,285,11.537475248366297,3.350006837266394,0.5859949147491168,17.660404985646835,99.243,186.13983567134278,0.03442270168883674
capital,cellular,download,0,True,153,100,13.401359196927263,3.7496768206834763,0.903569698326881,18.81950727479802,102.139,174.61186928104576,0.03982649797412922
capital,cellular,download,1,True,96,64,14.467268343215185,5.828520049543796,1.5412031860391342,22.437300974069213,97.2645,173.8799270833334,0.025797354665343577
capital,cellular,download,2,True,103,67,23.73757889770911,12.496982644504921,4.351273893866788,25.851987641794125,108.882,197.29821359223303,0.04720873444849111
capital,cellular,download,3,True,92,59,15.090866067524182,7.456920798194081,2.901089261514908,25.71865723770886,95.0315,174.29818478260873,0.02038028499059289
capital,cellular,download,4,True,47,27,18.072543199832488,8.04104748893631,3.8856208441444813,30.02929990855196,89.914,157.39017021276592,0.07602241307520312
capital,cellular,download,5,True,59,39,19.536925833966222,9.254115956471647,3.3819961035386847,26.598256299136796,90.227,115.04306779661015,0.05798637964862868
capital,cellular,download,6,True,100,71,13.55327569100012,7.555475322775802,1.6982622713593791,19.191066272379626,100.525,178.61377000000005,0.0445660094768609
capital,cellular,download,7,True,143,104,9.085911488301669,3.244000599151171,0.46303028759997866,14.294169002412326,93.386,161.69682517482505,0.05405905428605841
capital,cellular,download,8,True,177,90,7.778923973118042,1.9585497021577472,0.49685149042009896,15.216225075620915,101.26,177.08620338983053,0.06308310001392942
capital,cellular,download,9,True,184,172,11.285388449027888,3.700484303254883,0.7129869556225018,15.275755393487964,102.6875,182.47468478260853,0.06305630317062107
capital,cellular,download,10,True,190,112,8.479987792974919,2.1790996893290435,0.8633534775037278,16.430061020462563,98.87,170.69725263157898,0.047998462279348605
capital,cellular,download,11,True,214,161,11.416582469228283,2.343610182546608,0.5775508010226982,17.936726085002388,96.8575,170.67311682243013,0.052777091409548706
capital,cellular,download,12,True,229,179,9.835308208235363,3.3137009776827147,0.7536228588334638,17.06646453152975,99.779,170.0026244541485,0.0430430232310873
capital,cellular,download,13,True,225,200,8.781476021606114,3.075031759992182,0.6019921575659416,15.197134852424822,99.109,184.36593777777767,0.03761912629331298
capital,cellular,download,14,True,156,98,13.48548927992496,2.7285001034073986,0.5099221044394459,15.007642657482121,100.9805,176.31294230769234,0.07287587954918862
capital,cellular,download,15,True,190,147,10.813581645844032,4.187408413576289,1.0051176344363013,16.983634668941942,93.36500000000001,162.76681052631585,0.04031769036962279
capital,cellular,download,16,True,207,183,11.574159837074886,4.177693649478627,0.9969415042606615,17.131084839733926,95.304,165.77429468599038,0.04784498855234026
capital,cellular,download,17,True,190,125,10.775376758079691,2.7748554229444418,0.48926244718133466,15.50459763939369,95.9985,183.60792105263153,0.03764377220679395
capital,cellular,download,18,True,222,150,5.917714198954105,2.000927839696328,0.4715344931280866,11.601739472661349,107.7885,192.00423873873876,0.04639416561739898
capital,cellular,download,19,True,263,155,6.302890572016108,1.449585586438412,0.3417097767292281,11.345745444078187,100.488,187.87173384030405,0.053582427861466136
capital,cellular,download,20,True,289,162,5.944978340964097,1.627937213708569,0.3520359822193661,11.538814086680944,102.118,191.25745674740475,0.060844987370119494
capital,cellular,download,21,True,296,183,5.120739338720107,1.264765157290908,0.4189496427838909,9.194993704704139,128.961,207.8791360544217,0.057335947812786794
capital,cellular,download,22,True,196,132,12.440798861877386,3.658181791898209,1.1046862813640297,19.173288253569247,94.12899999999999,172.4461326530612,0.03907480686040039
capital,cellular,download,23,True,207,118,9.21861976922777,3.9181137593323436,0.959653254083159,17.01444474190159,96.694,186.67600483091798,0.03913459708093215
capital,cellular,upload,0,False,258,174,6.136037995891163,1.8445169395119283,0.3843132094806159,9.991365154110728,94.07300000000001,159.62766279069754,0.0
capital,cellular,upload,1,False,219,168,3.9723544549244028,1.1336280330846233,0.4098368023568776,8.01249542173588,94.308,164.7581187214612,0.0
capital,cellular,upload,2,False,228,159,3.7856917418429368,1.5093279500601708,0.4455995025218906,8.15683133534332,88.963,160.1215594713657,0.0
capital,cellular,upload,3,False,118,84,8.788253899273975,2.0320408202796636,0.4746509261408848,11.035248518071146,103.81649999999999,187.84666949152532,0.0
capital,cellular,upload,4,False,109,65,7.853874838798575,1.8908023818361,0.7215855463466059,12.618996522983279,90.639,143.73250458715594,0.0
capital,cellular,upload,5,False,145,92,5.511036375530559,1.5195103556233684,0.47334110650261463,8.00053268354772,96.891,150.7560068965517,0.0
capital,cellular,upload,6,False,220,130,5.0243881328657345,1.6832306158378738,0.3581251378850636,9.363045740305758,95.6565,165.5332318181819,0.0
capital,cellular,upload,7,False,269,203,4.491495242345718,1.4095593887148632,0.3827404460527346,8.038309086489335,97.897,172.91182899628245,0.0
capital,cellular,upload,8,False,403,236,6.091878608693983,1.6534223610561445,0.4566966868590077,8.237324378548578,94.939,165.72496277915644,0.0
capital,cellular,upload,9,False,371,255,6.0949802366166175,1.5659597103891914,0.4130401568485661,9.021300317437605,93.939,163.66342048517524,0.0
capital,cellular,upload,10,False,460,365,4.46890830876249,0.9002572092595346,0.21986896798656022,8.063044884123084,98.651,173.81687363834422,0.0
capital,cellular,upload,11,False,425,340,4.802688476236133,1.368971071704142,0.2784395046820979,8.531848034104307,98.759,175.3987999999997,0.0
capital,cellular,upload,12,False,439,303,4.465258763016796,1.1428169817849452,0.30570560532442975,7.53485275152484,102.536,178.96444646924837,0.0
capital,cellular,upload,13,False,520,452,5.003452983117375,1.3294218941807878,0.2215525567447345,9.175803764963549,98.6445,167.56185769230768,0.0
capital,cellular,upload,14,False,548,331,4.87648069169488,1.287210669226077,0.3241418868687485,9.368170598921157,98.425,171.92217915904916,0.0
capital,cellular,upload,15,False,409,423,5.600940493319023,1.336501579089578,0.34101424477961,8.970503341594856,95.486,166.38336674816628,0.0
capital,cellular,upload,16,False,424,277,5.7293278163952035,1.4013335584889475,0.3131925227797641,9.054112099698902,92.8245,153.96072405660374,0.0
capital,cellular,upload,17,False,453,384,6.216281802191693,1.5612269273669839,0.3991677580848726,9.620818824972666,99.85900000000001,171.66944690265493,0.0
capital,cellular,upload,18,False,513,331,4.22046176423649,0.984236908264076,0.26970219694938224,8.092013156998137,103.01,179.99680311890822,0.0
capital,cellular,upload,19,False,559,334,4.157081468245298,0.9433570073216637,0.22378147930559347,7.140019431936591,98.081,169.89003220035784,0.0
capital,cellular,upload,20,False,645,410,3.3998165255409285,0.8973553269443066,0.21316366296046788,7.798514234935137,104.193,179.31772093023233,0.0
capital,cellular,upload,21,False,546,361,3.624480459307598,0.8305063482169406,0.19575268449279204,7.056139505080615,100.4265,173.83040476190473,0.0
capital,cellular,upload,22,False,410,269,4.165497153696803,1.127078409482431,0.21271938595788584,7.612147285933401,97.443,178.27223170731693,0.0
capital,cellular,upload,23,False,353,243,5.649998175081209,1.6200571286574765,0.19153260645531633,8.604618133381697,100.322,179.54288385269138,0.0
capital,cellular,upload,0,True,118,77,3.913439006733727,0.9037887170315209,0.26876909672922056,7.345975423474614,99.7935,163.39681355932197,0.0
capital,cellular,upload,1,True,79,67,3.9864492840838133,1.3940665063421984,0.3633431115047197,8.171143702381917,95.448,169.0855316455696,0.0
capital,cellular,upload,2,True,98,72,7.169313712746285,2.087217772962383,0.5982272659346272,10.592607107279363,98.35849999999999,187.88470408163255,0.0
capital,cellular,upload,3,True,84,48,3.970172940537812,1.1769861233590888,0.11349526754725853,7.902790144612989,105.6385,189.02626190476192,0.0
capital,cellular,upload,4,True,35,26,8.630048863957487,2.731527405156342,0.5269517587586564,10.291346821461588,120.825,186.33039999999997,0.0
capital,cellular,upload,5,True,41,35,6.337826667126629,1.8096760097634044,0.4786317539192049,9.940121512239017,86.874,117.66839024390242,0.0
capital,cellular,upload,6,True,69,56,6.085470495719275,3.5845311062320055,1.2936290243972297,9.276576757764213,92.47,148.5741449275362,0.0
capital,cellular,upload,7,True,102,86,5.3996658086723786,1.636602855881203,0.2863294317514018,9.488920315080462,92.25,146.8236176470588,0.0
capital,cellular,upload,8,True,142,91,4.957262610764029,1.1638417647408303,0.17267869238060912,8.889979655871668,96.84200000000001,165.80942957746487,0.0
capital,cellular,upload,9,True,168,152,6.113662761847213,0.9201139075771714,0.3049439160049331,8.742660873891712,104.674,184.34394047619048,0.0
capital,cellular,upload,10,True,169,90,4.461291042224745,1.1558295573977018,0.35204852349846333,7.737204355204206,95.123,165.27851479289936,0.0
capital,cellular,upload,11,True,189,138,3.9837192291981953,0.7471436666679248,0.24188965801171053,7.830945890434666,96.618,170.09016402116401,0.0
capital,cellular,upload,12,True,181,148,5.368795136168755,1.4397473016057127,0.4195194091681528,8.390669810571566,98.0,168.1871049723757,0.0
capital,cellular,upload,13,True,174,155,4.628611463445596,1.1289705049402554,0.2880358189630644,7.930653656821445,103.314,185.83633908045968,0.0
capital,cellular,upload,14,True,144,118,4.35147675371932,0.9334953274049593,0.2695110031174793,7.66236300985398,97.081,173.2140555555556,0.0
capital,cellular,upload,15,True,163,136,4.402555522701508,1.3386302972430497,0.3949492605881767,7.968291228844531,92.195,151.0503312883436,0.0
capital,cellular,upload,16,True,156,139,4.364057660035453,1.5163756631643586,0.5703773776750425,8.791633936502173,93.5205,160.96329487179466,0.0
capital,cellular,upload,17,True,158,129,4.785441837568934,1.413299301677564,0.3868762536090815,8.598017219767069,98.422,171.01215189873417,0.0
capital,cellular,upload,18,True,167,131,3.3773247491103424,0.7676331590331082,0.24201648294113204,6.995150025195885,104.551,176.09450299401195,0.0
capital,cellular,upload,19,True,165,121,3.052858388593823,0.8249862235838638,0.12700974958171657,6.421333675465848,102.834,192.95454545454552,0.0
capital,cellular,upload,20,True,201,138,5.101204797592205,0.9946084150964377,0.14778740770761706,9.247730031012333,102.886,182.65843781094523,0.0
capital,cellular,upload,21,True,200,188,3.41895309572191,0.6320820157498362,0.1928308830931612,6.980142851131108,115.96000000000001,195.832265,0.0
capital,cellular,upload,22,True,134,105,6.02508551889338,1.6949882426491538,0.3152652704002071,8.926435775885928,98.56,174.83944029850744,0.0
capital,cellular,upload,23,True,145,84,5.4487037161104785,0.9446896635169452,0.25082341112034495,8.79475865767276,99.541,187.31201379310343,0.0
rest,broadband,download,0,False,248,91,28.660207833963447,8.448171312996633,3.91003383864821,34.54377247552339,80.19999999999999,101.06843951612906,0.06716199761823566
rest,broadband,download,1,False,177,74,32.9281289006398,12.997286432824064,4.240400877494336,33.48415878430102,80.0,102.7743276836158,0.06999794331017503
rest,broadband,download,2,False,130,68,18.261715853022693,7.605099700513467,3.557306679038962,22.46774510277991,77.61250000000001,144.62456153846153,0.0667051794155078
rest,broadband,download,3,False,90,46,14.079445682538529,7.965783009842953,2.6701460632735348,21.46249072542036,75.35650000000001,104.07161111111111,0.08465296489969867
rest,broadband,download,4,False,75,40,10.772951477994868,4.618983894435226,1.5355743367271397,19.53116713856477,77.93,127.38584,0.07563725065244337
rest,broadband,download,5,False,85,49,11.73047460766832,5.794297614451347,2.1113856678854157,17.31195117269957,81.662,124.3168941176471,0.05934237987828114
rest,broadband,download,6,False,160,87,15.219235841026594,5.857657163183972,0.9810699518544429,38.08474390141766,81.2575,127.28561250000003,0.061443598194705816
rest,broadband,download,7,False,247,116,20.991290541252006,4.060891853735466,0.6226770545373264,34.4107485253334,80.172,122.26361943319839,0.074195796719357
rest,broadband,download,8,False,352,157,16.860791883837365,6.651027525083246,1.2054697351990926,27.805908275467633,79.73949999999999,123.6283892045455,0.07370751413296783
rest,broadband,download,9,False,465,198,19.940026468587174,6.6960434905491235,1.2150591207414776,28.387560675941906,79.908,117.35552473118275,0.07994409939539221
rest,broadband,download,10,False,544,169,18.656283007173776,5.887432924914963,1.2587524213385592,24.218103189807522,77.557,111.76120588235293,0.08060365692127347
rest,broadband,download,11,False,457,219,15.505133481913084,4.030575769439717,0.9843283238107596,24.113454728440225,80.766,137.3039737417943,0.08153542543790941
rest,broadband,download,12,False,506,253,20.50742424700156,7.105569566576261,1.0657061690093914,25.172186982738104,77.14500000000001,111.00403557312256,0.07496000129282968
rest,broadband,download,13,False,502,265,22.112578878195468,8.082587516596337,1.8268073463178576,27.89531080570199,79.55000000000001,116.42508366533869,0.07795915246854497
rest,broadband,download,14,False,492,293,16.51507780954023,5.495080977059871,1.5164459776323325,26.94850291487184,79.458,112.36222764227642,0.07281479288164562
rest,broadband,download,15,False,519,270,17.895866133465557,6.59925114693924,2.3937197953128257,28.823441776880152,78.951,112.84359922928705,0.07436500304412844
rest,broadband,download,16,False,441,241,16.476958793287665,6.2470463572790464,2.268044121706443,26.00805747225737,77.0195,109.89876136363634,0.07278814354850154
rest,broadband,download,17,False,325,194,12.756116217145124,4.606572246953204,1.443900839681453,20.405639595806747,79.063,119.15420923076917,0.07687943328463046
rest,broadband,download,18,False,378,196,15.486235102881466,4.958985394444545,0.8657134734640473,21.05579324181337,81.417,117.6250846560846,0.07350393647556619
rest,broadband,download,19,False,386,231,9.790875984618584,2.293427651144575,0.6639151385305184,17.393249065601726,82.753,147.64175647668398,0.07694809277966812
rest,broadband,download,20,False,547,248,12.929911593104599,3.392407884479002,0.947272327578696,17.207449035308027,82.816,137.86830347349186,0.08181608687821526
rest,broadband,download,21,False,426,214,9.429518573928156,2.4266489537451466,0.7602976594944074,18.01138222161601,82.2745,137.31379577464793,0.08410568831420964
rest,broadband,download,22,False,377,176,12.690704337135216,4.571394729481651,0.8156970614281502,18.21860334656619,81.759,134.986023872679,0.07377227980722965
rest,broadband,download,23,False,307,154,25.5635305784648,8.71070187661164,2.6203750191011466,26.350564151202935,79.05,104.37601302931596,0.08244506742009451
rest,broadband,download,0,True,121,51,31.746389022738384,7.6888954209477856,2.439013460692798,48.07464200481899,79.529,108.91826446280992,0.07638178225022374
rest,broadband,download,1,True,74,33,28.86470734174288,7.324770324402022,2.0899214979029384,27.790324184832375,79.673,107.82690540540538,0.08100387141725221
rest,broadband,download,2,True,54,35,12.027816107826617,4.676626161781879,0.9727404298770277,15.164303109925791,75.7045,114.55792592592594,0.07029742000937762
rest,broadband,download,3,True,34,20,22.916994321115272,11.130124699048372,5.359328363278007,24.7953386063686,72.36699999999999,76.89541176470588,0.04638574036728588
rest,broadband,download,4,True,44,20,22.475634724881694,11.689657547362854,1.800786296505546,22.328442552843356,79.912,109.41275,0.07420512085911547
rest,broadband,download,5,True,26,17,9.371963787665369,6.6400283645235065,1.049337738273247,13.9063072293286,76.4945,164.5520769230769,0.04516442176445546
rest,broadband,download,6,True,108,49,14.090362375707564,3.938892679044751,1.2195841811039534,19.356387470199277,77.409,131.98273148148152,0.05690847266033327
rest,broadband,download,7,True,109,57,10.024862217180328,4.179540449622146,1.3385220921608256,15.279746287860162,78.558,120.10561467889907,0.04788679605243651
rest,broadband,download,8,True,92,43,15.234287572467984,5.262136355421697,2.2254857976762237,21.50566250917633,79.7975,109.10469565217389,0.07941810593959979
rest,broadband,download,9,True,141,67,14.238737485062183,5.356075229163467,2.412865952002656,20.772953001439735,79.0,139.84992907801418,0.054460536081547786
rest,broadband,download,10,True,151,93,16.263195357471556,5.676887158946695,1.4819419635666808,20.50658359436943,78.847,119.40240397350993,0.06997113606732742
rest,broadband,download,11,True,155,99,10.103007322835307,2.15279983662176,0.718696351492969,16.614115596294333,85.054,131.49194838709678,0.09634745934276201
rest,broadband,download,12,True,149,95,19.083827946454957,5.793162653398436,1.0389849077415996,24.12451895945182,78.342,109.43039597315435,0.07781649660162512
rest,broadband,download,13,True,176,75,31.4247565806171,8.392977122562378,1.1922696166662083,26.667736590548188,80.0,106.85428977272728,0.0847888063909221
rest,broadband,download,14,True,126,62,12.282298619207342,4.030515164923041,0.7809017936599192,19.406241256038502,76.3725,119.05928571428572,0.08047659378603458
rest,broadband,download,15,True,181,122,17.295303454109174,6.9233316955597415,1.7511320378277004,20.574971281772523,81.0,132.1860883977901,0.08786704782251906
rest,broadband,download,16,True,128,76,13.142233047636951,3.6099351393428174,1.0626885561093193,17.94430894869435,82.1215,130.31986718750005,0.09183315750000212
rest,broadband,download,17,True,90,69,19.924329732986436,8.169514433027969,3.0213036199207366,22.134526402088834,80.6045,131.4026,0.07702625801729493
rest,broadband,download,18,True,169,66,20.636827230756055,7.920655302068772,3.8395085982627357,25.587135998959656,79.849,126.88721893491126,0.06581120335727114
rest,broadband,download,19,True,139,84,11.027906870971217,2.207004405760336,0.5193267182617191,14.594595334629863,81.0,149.78027338129496,0.08582644494947274
rest,broadband,download,20,True,164,99,11.10202249862644,1.9517853157275304,0.4510025580567485,15.611816628850908,82.1785,140.40819512195125,0.0748717655813578
rest,broadband,download,21,True,200,106,10.180589376777792,3.0678674364034784,0.8994528753791571,18.29633405122564,80.738,119.84178999999995,0.0746950681892826
rest,broadband,download,22,True,122,58,11.136293440003808,5.558485695529179,2.4713226365960623,16.717456173578707,79.9055,122.62124590163938,0.09079254729524015
rest,broadband,download,23,True,67,44,17.138562588137948,3.7075033596155293,1.352622047487591,17.608748208109265,84.045,174.3461343283582,0.07275396476131044
rest,broadband,upload,0,False,147,73,13.4568585147025,3.0891669688512424,1.0311263873143202,28.295549382773288,81.141,108.85128571428567,0.0
rest,broadband,upload,1,False,86,56,8.821383391639685,3.7063311359682065,1.5513207593164533,18.72307646077994,82.65950000000001,126.37377906976741,0.0
rest,broadband,upload,2,False,89,57,10.257827827250253,2.8468352836818975,1.0356372745853228,15.243077342295988,79.261,135.7574494382023,0.0
rest,broadband,upload,3,False,68,44,11.234001641297183,3.2792995648452,2.038817161411226,15.776961763514956,71.9695,108.5684705882353,0.0
rest,broadband,upload,4,False,58,33,10.694710477137228,3.5668196142694923,0.430612537262559,18.993731847221035,81.8485,143.50084482758618,0.0
rest,broadband,upload,5,False,67,50,9.294346085025817,3.006973612845312,0.6926037014304188,14.236398625640877,77.741,107.89432835820895,0.0
rest,broadband,upload,6,False,115,70,10.7667371145896,3.3092955357899982,1.0827490303882934,35.686026697043566,82.393,118.0765391304348,0.0
rest,broadband,upload,7,False,203,95,8.513746163390447,1.887200885983019,0.365334395926906,20.31260449150754,84.288,134.78565517241378,0.0
rest,broadband,upload,8,False,276,149,9.113270554048762,2.3980356296744403,0.593409166924346,19.428117147834076,79.02850000000001,121.30596014492751,0.0
rest,broadband,upload,9,False,362,184,7.614051588620698,2.10281815436644,0.4900682127633143,17.27634607818076,79.85249999999999,126.75854972375687,0.0
rest,broadband,upload,10,False,424,165,9.474897299786388,2.6686162594547995,0.795415511608756,18.46084768671231,76.55000000000001,112.6459858490566,0.0
rest,broadband,upload,11,False,372,206,6.619424629227476,2.296470908220085,0.6617658553115707,16.515435467057596,81.7955,141.7372231182796,0.0
rest,broadband,upload,12,False,322,206,7.875418754274994,2.1249166722693573,0.5414364401046426,16.1856585123757,78.788,126.26583229813657,0.0
rest,broadband,upload,13,False,330,196,10.447506427803374,3.0603955615768617,1.1887686840827656,20.54889024467474,80.05000000000001,123.93620303030303,0.0
rest,broadband,upload,14,False,394,204,10.09957365193441,2.5662268300670235,0.6818662914979301,22.48240443878367,78.291,112.66351015228427,0.0
rest,broadband,upload,15,False,415,239,10.287415960691307,2.684311058764469,0.8953120078387451,24.109946469971632,80.276,110.05811807228912,0.0
rest,broadband,upload,16,False,336,201,10.252694551334908,2.8259185279449044,0.6027025727116033,20.44677521596014,76.01050000000001,109.8768214285714,0.0
rest,broadband,upload,17,False,252,159,7.3154285170111555,2.2393892864639464,0.49156730145006655,15.195142215484198,77.9725,122.83840476190478,0.0
rest,broadband,upload,18,False,248,160,8.648918755395623,3.0305670489937193,0.5536563971374686,15.949206431250692,82.11850000000001,123.82043145161289,0.0
rest,broadband,upload,19,False,266,212,6.4040702210633995,1.9870010303951475,0.26193382297421886,16.182094664484254,82.3825,145.32520300751872,0.0
rest,broadband,upload,20,False,383,238,8.789348227501106,1.8917032121057962,0.3806161548762406,14.043840189532489,82.011,134.33490078328992,0.0
rest,broadband,upload,21,False,296,166,6.874505629291566,1.7310137627748095,0.38148024485805065,14.326068112100534,86.039,148.66721621621625,0.0
rest,broadband,upload,22,False,268,160,8.508087349596957,2.1396588418172002,0.34554696535154167,14.116163723304815,81.7225,132.55890671641794,0.0
rest,broadband,upload,23,False,198,121,5.576452820496948,2.3333448547036215,0.5466483992936295,13.345332567242558,79.92,104.34330808080804,0.0
rest,broadband,upload,0,True,76,50,10.376050504707138,3.3821401985034827,0.5808029740833848,54.796344204068895,82.7515,111.36601315789476,0.0
rest,broadband,upload,1,True,40,31,10.080424725251289,4.479946415451099,0.5028293024101861,18.575958237425727,78.62950000000001,121.95970000000003,0.0
rest,broadband,upload,2,True,40,30,11.30994444014402,4.270055780908855,2.455341735513164,16.225377705361943,77.376,94.23484615384616,0.0
rest,broadband,upload,3,True,21,13,10.994024530621681,4.21113371631213,0.8922813289509983,15.930588123187368,76.791,94.77242857142858,0.0
rest,broadband,upload,4,True,29,13,10.23229170312489,4.11197909818424,1.746210580735763,12.864628821136435,72.415,87.76834482758622,0.0
rest,broadband,upload,5,True,18,15,5.693768057538104,0.44687418882670116,0.2506276441983417,8.601878152851363,73.0095,183.60527777777781,0.0
rest,broadband,upload,6,True,76,51,4.963038187780564,2.031051753714191,0.40546585093172344,8.800381310150293,81.384,128.60114473684212,0.0
rest,broadband,upload,7,True,96,51,6.835155778832216,3.232116197084336,1.411764122661538,12.83091253896066,81.13300000000001,121.81720833333334,0.0
rest,broadband,upload,8,True,80,49,9.410131094846488,3.4207274600066624,1.1415654251844525,14.323829134169852,81.4385,129.06075,0.0
rest,broadband,upload,9,True,131,48,6.631861989558597,3.2927930702707924,0.8214342321196483,10.785056562026217,91.829,150.91012213740456,0.0
rest,broadband,upload,10,True,129,68,8.900227351304913,3.737488919640119,1.009783017933008,16.06358191668549,83.064,125.53436434108528,0.0
rest,broadband,upload,11,True,127,85,6.311050000824989,1.914823707923087,0.7142088210330034,16.749314832897948,85.019,126.76789763779529,0.0
rest,broadband,upload,12,True,100,77,7.925107900350769,1.6499776262730328,0.7539035464644118,13.467424358116327,81.331,117.59685999999999,0.0
rest,broadband,upload,13,True,102,66,8.527223414320448,3.0428060658440983,0.8782149763620957,14.62572319606177,80.117,109.30163725490199,0.0
rest,broadband,upload,14,True,102,57,7.569429680709435,2.021934287906946,0.576495369949706,12.837431426460407,78.1035,117.50633333333334,0.0
rest,broadband,upload,15,True,132,107,8.587904544619022,3.0704437852362547,0.6053735184343788,17.217270093335713,79.1105,127.82877272727274,0.0
rest,broadband,upload,16,True,98,66,11.330580637336379,3.1661225619358904,0.504237582440283,14.164790367216119,78.47,125.38879591836734,0.0
rest,broadband,upload,17,True,76,63,7.747746082578281,3.5901309104381447,0.9060864618671596,14.17483533553854,87.59649999999999,142.89601315789469,0.0
rest,broadband,upload,18,True,101,73,9.598428534287837,2.031948979002566,0.27842089652715873,20.672027005891103,80.904,144.93538613861386,0.0
rest,broadband,upload,19,True,92,71,5.506702150055271,1.0702797979043086,0.18928214714230068,10.498151824126195,83.47800000000001,158.52126086956522,0.0
rest,broadband,upload,20,True,116,88,4.899488965174335,2.0193113327451524,0.3143630662310818,11.497986278894233,82.01650000000001,136.23299999999998,0.0
rest,broadband,upload,21,True,127,88,5.255431442641802,1.4314181240219443,0.13317469116016514,12.765394532078723,80.698,139.69921259842522,0.0
rest,broadband,upload,22,True,90,49,10.756837582769478,3.565246246723736,0.7841947890978296,15.006487450409928,79.9665,139.75827777777778,0.0
rest,broadband,upload,23,True,41,30,8.053284994001249,2.2185826292943545,0.9407354293844384,11.326086848702678,89.972,182.03139024390248,0.0
rest,cellular,download,0,False,336,193,15.485518077048205,3.7943770687387026,1.0293044432230662,25.515436423801496,89.713,100.67758035714286,0.02150098343132528
rest,cellular,download,1,False,309,193,17.21531935556416,3.903654869843785,0.7208542435796607,31.413146192653237,90.074,106.3622362459547,0.0371248478218691
rest,cellular,download,2,False,204,129,18.55540650815827,5.200334692282048,0.7521824181304142,28.05699098871834,91.064,103.902318627451,0.04522846396097944
rest,cellular,download,3,False,167,113,24.472655800537932,5.322828730045255,0.5100733965679795,35.44388862516281,88.893,109.65819161676647,0.05200646896381712
rest,cellular,download,4,False,93,77,23.803879346952108,7.690227198291749,1.942255229844169,33.45243080999443,91.114,110.0208817204301,0.023903102646690707
rest,cellular,download,5,False,123,84,20.46797126870425,6.5543671476703285,1.446936194489381,36.22745933381021,89.44,106.1595491803279,0.04718865438619955
rest,cellular,download,6,False,182,128,11.827519062800008,3.739149447947625,1.2647536132429487,23.114067439598205,90.11099999999999,105.73339010989014,0.028558225519146076
rest,cellular,download,7,False,240,176,17.068154236172248,4.0412579557705826,0.7570381295052081,26.951696167921604,90.137,102.18988333333338,0.03617074823400384
rest,cellular,download,8,False,378,202,16.05430973432807,4.984149296187834,1.0063414844825003,24.495352957168155,89.9405,100.49028835978834,0.03141364155834247
rest,cellular,download,9,False,404,231,9.632781642027968,3.5651512080056085,0.7974105655003375,19.98647261695845,90.97749999999999,109.02756683168316,0.03347660835119537
rest,cellular,download,10,False,448,280,12.489853447230773,3.990620083004285,0.6286991937117267,20.134312192625487,90.0835,106.38589955357143,0.03833739993970437
rest,cellular,download,11,False,455,273,10.202779442178711,2.757643388506449,0.7143233279446821,20.916909776145292,90.507,101.8618747252747,0.03860157293121925
rest,cellular,download,12,False,432,278,9.555504250223159,3.072983560845568,0.8619186378660131,19.772121978252244,90.9525,107.8440625,0.034984361130587074
rest,cellular,download,13,False,449,277,12.017700915230467,3.1347523815209155,0.5930722953184989,22.940962486529106,90.8265,105.04074107142863,0.038463243570449
rest,cellular,download,14,False,404,283,11.024425702029049,3.483269487280675,0.8982154397305706,20.908793410100262,89.37100000000001,105.52555445544549,0.026693362279874303
rest,cellular,download,15,False,416,284,11.62150631942744,3.744990090293196,1.044264007296634,19.658470443978448,88.757,107.45217548076926,0.027138492856317656
rest,cellular,download,16,False,407,219,10.344384128988445,2.9909092571678615,0.9018787205395529,19.85027423404504,90.764,108.89602457002457,0.03859520483125371
rest,cellular,download,17,False,362,236,11.118255900817356,2.872752490133356,0.8382664308571361,19.9244773463602,89.77850000000001,102.78643922651932,0.03273768888621134
rest,cellular,download,18,False,430,254,7.3936188143949515,1.6914181688149177,0.5142722706087687,15.830426168098445,92.0135,105.45167906976747,0.04291891556247415
rest,cellular,download,19,False,539,347,5.418162997752865,1.475386080252775,0.47127894638281925,13.453635462707124,93.24950000000001,111.7328605947956,0.05028099363098021
rest,cellular,download,20,False,628,263,4.5891410593296875,1.195641661527485,0.3038713142013688,13.347619490703952,94.222,119.6269282296651,0.04914437738155898
rest,cellular,download,21,False,592,274,5.420869753713125,1.571731030068041,0.4532849284691675,12.456031910232337,92.715,112.72537732656515,0.03210067662266837
rest,cellular,download,22,False,468,289,8.211755875169427,2.8516159523875513,0.5207444421799082,15.948716424315844,92.776,110.03787179487176,0.04478326705198253
rest,cellular,download,23,False,401,231,12.35403078755679,4.2784948054729846,1.386026823216874,22.3275111858389,91.055,106.02381546134664,0.031400253678359115
rest,cellular,download,0,True,104,62,14.792280541713081,6.020159855052274,2.295033275556441,30.095326442589986,87.667,92.05335576923079,0.02377026941484562
rest,cellular,download,1,True,113,72,17.8867267938191,6.58448057784825,2.357832549519766,29.004439603308185,90.786,95.00788495575223,0.01846854450646654
rest,cellular,download,2,True,91,45,16.390816026955314,4.743818501141956,2.9181662641166284,29.45749933170181,89.956,106.40624175824176,0.026944261384790235
rest,cellular,download,3,True,80,47,23.614642796082098,9.931976130440699,2.818006461000939,35.59646880408875,91.72999999999999,102.86099999999996,0.02328066521831495
rest,cellular,download,4,True,38,24,22.628491902857604,8.05489965115056,1.2647101879121587,36.247189585786614,91.336,110.14907894736844,0.011755145831291794
rest,cellular,download,5,True,47,25,24.551810779250765,8.507337687169269,4.140500581723739,33.49833891021538,81.049,83.14931914893617,0.005928541584742809
rest,cellular,download,6,True,81,37,19.808673700748255,5.031523375639711,1.0993656226405444,24.052913392056876,89.479,87.90297530864194,0.06082397115701116
rest,cellular,download,7,True,101,73,12.231268033759557,4.5249878603995235,1.8460753637116536,20.84696788069212,87.238,93.04508910891091,0.028934483484881333
rest,cellular,download,8,True,123,87,15.71628755098809,5.069451225287872,0.704984955431548,25.124689904002768,91.64750000000001,123.39466666666665,0.039405373781232815
rest,cellular,download,9,True,147,95,7.624017832507071,2.610561317589899,0.9397036664217255,18.272174523983576,89.016,100.76734693877552,0.0444859286863906
rest,cellular,download,10,True,142,84,9.079954982611014,2.43753110133185,0.5432304891636274,17.417593152026956,92.19300000000001,112.82966901408447,0.06011582838191357
rest,cellular,download,11,True,198,124,9.451696486572803,4.250303176182128,1.1980732348671175,18.693640113849675,92.25450000000001,99.9393585858586,0.032834701949517944
rest,cellular,download,12,True,175,110,7.508167552133677,3.2181162479482985,1.1093396847490775,15.677109385356092,87.277,103.30093142857143,0.03954245708697133
rest,cellular,download,13,True,222,95,9.333844909491122,2.743976258706353,1.1376662789014602,14.841988745087209,90.0085,101.84616216216217,0.039781788836439264
rest,cellular,download,14,True,147,104,9.735198937713967,2.8990406587230435,0.8840415527893124,21.474805562906965,89.208,97.55414965986397,0.04666700823378085
rest,cellular,download,15,True,170,119,9.289723094825078,2.868353151534406,0.7803633170238682,16.050116752659132,92.256,115.62369411764709,0.03160595431301873
rest,cellular,download,16,True,164,144,10.816522324385216,2.550388790646617,0.873759691432337,19.561519806848064,88.94399999999999,103.92810365853659,0.040432457265149116
rest,cellular,download,17,True,160,120,15.049794581233797,3.7062183766408197,1.5803272353128046,23.634733888761758,90.58250000000001,99.99586249999999,0.02626418528257133
rest,cellular,download,18,True,184,106,9.052852968363766,2.0323809698788464,0.38658216888480246,17.06126133744656,90.3715,99.76378260869565,0.04542924212565343
rest,cellular,download,19,True,205,120,4.843038839438204,1.532484047719766,0.39906113541711363,13.75868773598784,93.845,117.57915609756097,0.04904025282207357
rest,cellular,download,20,True,239,141,3.91490561648004,1.5117344516455178,0.4760322016808073,14.023154578826913,94.341,117.44832635983268,0.03755214033620551
rest,cellular,download,21,True,182,125,5.39917670997274,1.9642853315745727,0.48305270679873397,12.066725523323525,93.886,116.64676923076922,0.03857318197844236
rest,cellular,download,22,True,206,146,12.158729140238785,3.105362351047948,1.1803967667519228,26.734330441870423,89.4105,97.79905339805822,0.02567031214860078
rest,cellular,download,23,True,193,98,14.949422245073555,4.7183282023958935,1.2511303061379968,28.297652145038906,86.819,98.54024352331606,0.022475519666720418
rest,cellular,upload,0,False,281,183,4.18657357193375,0.9270830479450343,0.28336753182859953,8.311802269059424,92.578,100.74444128113878,0.0
rest,cellular,upload,1,False,235,186,5.752419488544991,0.9964020662126327,0.2862832888209349,9.553423754067236,90.868,109.1511319148936,0.0
rest,cellular,upload,2,False,166,125,6.17622831627651,1.39733718073621,0.29925308351209295,9.785326598872816,93.50200000000001,107.69253614457833,0.0
rest,cellular,upload,3,False,141,103,5.2486531066739515,2.0523025381214564,0.6737467939682955,10.894412397882725,91.341,103.6248865248227,0.0
rest,cellular,upload,4,False,86,74,6.052310157081141,2.3077698577141326,0.4945320164181901,11.533216874448891,92.6185,108.57525581395349,0.0
rest,cellular,upload,5,False,99,80,5.6800088074988535,2.290038305100336,0.5225154341606364,11.741495329641833,85.588,95.07049494949494,0.0
rest,cellular,upload,6,False,146,125,4.782860630566203,1.282121963847552,0.5337108266091264,10.136393314808165,91.4045,108.57935616438355,0.0
rest,cellular,upload,7,False,204,147,6.091154193058017,0.9412331926824178,0.30382519655556195,10.821167974743922,91.077,104.43139215686278,0.0
rest,cellular,upload,8,False,379,263,6.21368005008647,1.2264936326147517,0.3578246797164366,10.858007524963776,91.591,100.46250659630606,0.0
rest,cellular,upload,9,False,377,285,6.345155332218247,1.4623388313732761,0.38805927696432524,10.088554427998039,91.208,102.10525464190982,0.0
rest,cellular,upload,10,False,435,287,5.170851562249961,1.0298511046039742,0.2104120568276508,8.598650773519608,91.765,107.3559034482759,0.0
rest,cellular,upload,11,False,413,249,4.886032337105732,1.0352080973003999,0.3292409039354575,9.643484761625075,92.75,110.2041113801453,0.0
rest,cellular,upload,12,False,362,229,5.437477144430028,1.4575895948354332,0.2521870005804885,9.726119729224804,93.4605,104.70423204419896,0.0
rest,cellular,upload,13,False,391,228,6.120663540017771,1.5775631833533321,0.3073280667198148,10.637335643367992,92.092,108.0437205128205,0.0
rest,cellular,upload,14,False,387,281,5.175309746837466,1.1935555396381279,0.3065243905661661,10.250088340633845,91.515,105.08330232558141,0.0
rest,cellular,upload,15,False,380,270,4.702320356437614,1.2947703151449361,0.2956013231060182,8.728463159798862,91.9175,113.3635105263158,0.0
rest,cellular,upload,16,False,362,256,6.4226647437191,1.752603949440053,0.3820393853321198,10.22274320354239,91.2875,100.66927624309393,0.0
rest,cellular,upload,17,False,307,230,6.315496821307434,1.2349404287280734,0.3725187162224233,10.443993113721351,89.637,107.53505211726389,0.0
rest,cellular,upload,18,False,353,212,4.57079091316502,1.0345960006795627,0.16951697489655126,8.466062691646876,93.332,114.63641025641027,0.0
rest,cellular,upload,19,False,451,315,5.064202650989812,1.1361056669725798,0.23685372549772496,8.55452217827783,93.6905,115.91110444444443,0.0
rest,cellular,upload,20,False,521,268,3.4443988712331026,0.849376585085579,0.18866920854682873,8.092580980460356,94.055,116.84282239382247,0.0
rest,cellular,upload,21,False,467,253,4.544957237129266,1.445580943169758,0.29856159983791686,7.988126815392377,94.3,111.50877301927196,0.0
rest,cellular,upload,22,False,380,281,4.544530611481822,1.2658526314869407,0.32588705128753287,8.469923769459678,94.2795,112.56156578947373,0.0
rest,cellular,upload,23,False,299,187,5.373641815360492,1.5911136828533257,0.44794264581004106,9.796928658474028,92.0,103.73755183946484,0.0
rest,cellular,upload,0,True,89,57,5.587209084313989,2.079607986536386,0.546672987155539,9.158697818333778,91.885,102.0659213483146,0.0
rest,cellular,upload,1,True,78,59,6.406341026190745,1.9479477007420216,0.9451533309937699,9.933754364944745,92.2405,93.89326923076923,0.0
rest,cellular,upload,2,True,78,51,7.9593495093963185,2.316847531431391,0.9755398590604658,11.893859102509253,90.6365,115.07728205128205,0.0
rest,cellular,upload,3,True,65,37,11.63786241307596,4.3662120335770895,1.323076377268325,12.7188343913977,91.868,100.12338461538467,0.0
rest,cellular,upload,4,True,34,24,9.86677687254577,2.3477139133268614,0.3334138514655208,13.652472617536095,90.75399999999999,115.76641176470588,0.0
rest,cellular,upload,5,True,49,30,7.601004767556259,2.5912147216491217,0.14788128072940032,8.309476549209851,84.805,88.99657142857143,0.0
rest,cellular,upload,6,True,73,52,12.287622460372805,4.054600417797076,0.46243505679970975,13.409533666596744,91.161,95.86094520547945,0.0
rest,cellular,upload,7,True,86,66,3.506010399105091,0.6240724722978779,0.20441832525553486,8.524688958800446,89.7125,94.30690697674419,0.0
rest,cellular,upload,8,True,108,84,6.0995901654823115,0.8320821071169188,0.20679419896532752,10.569236649814801,91.268,120.72186915887852,0.0
rest,cellular,upload,9,True,124,94,5.364619231837237,1.407850394142242,0.40637323780647167,9.745543681596972,92.83500000000001,105.08412903225809,0.0
rest,cellular,upload,10,True,134,104,4.635239042430126,0.725567291135474,0.31244809833987347,8.661648066545645,94.78399999999999,117.94385074626867,0.0
rest,cellular,upload,11,True,158,109,4.722844392862225,1.2701744284004561,0.5526267689249023,9.426500018406216,95.27600000000001,101.44931645569616,0.0
rest,cellular,upload,12,True,135,100,5.371924541826231,1.9551420703732907,0.5092125479583467,10.536318004283038,88.712,101.32485925925927,0.0
rest,cellular,upload,13,True,181,109,4.159556749474816,0.6661889101902817,0.31512442590772144,8.084221206997578,91.645,98.58211602209947,0.0
rest,cellular,upload,14,True,129,93,4.633510092131374,1.0413396879583212,0.3429072922883248,9.968890222041333,91.479,98.02865116279067,0.0
rest,cellular,upload,15,True,141,95,4.7926991527470815,1.4038867063427982,0.5068181231837157,8.605779120345762,92.934,113.96230496453902,0.0
rest,cellular,upload,16,True,127,118,5.87079377577664,2.1360990606558286,0.5637264906768431,9.646278702436268,89.675,92.59200787401576,0.0
rest,cellular,upload,17,True,127,102,6.137127334581997,1.6469593925138692,0.4736932569855842,10.607927983405578,91.0,104.1682598425197,0.0
rest,cellular,upload,18,True,153,101,5.862556933893773,0.6724347803652722,0.16646869905376063,10.175351121048985,90.818,102.45154248366012,0.0
rest,cellular,upload,19,True,154,109,3.8693724647537024,0.8803386265524188,0.20507366383457884,6.711231582318425,93.4215,108.76925974025974,0.0
rest,cellular,upload,20,True,198,121,3.8635263953771313,0.7603266302501552,0.1942961247450216,8.086331154256717,95.895,123.57148730964468,0.0
rest,cellular,upload,21,True,144,106,3.418633453163935,0.5960097988529847,0.20001963192301003,7.791707627691691,94.09450000000001,122.16040972222221,0.0
rest,cellular,upload,22,True,164,119,4.282983635016356,1.0642345956616657,0.1739922150108943,9.057283242047085,92.3775,107.60665243902436,0.0
rest,cellular,upload,23,True,128,85,4.661704875748708,0.8376315355881192,0.2993778629694132,10.022429199901875,88.96199999999999,111.28676562500002,0.0
